window_id,user_id,session_id_hash,window_start,window_end,label,scenario,run_id,severity,request_count,unique_endpoint_count,unique_method_count,session_duration_sec,avg_inter_request_sec,min_inter_request_sec,burst_rate,error_rate,avg_response_time_ms,sensitive_request_count,sensitive_ratio,export_count,export_ratio,delete_count,delete_ratio,unique_deleted_resource_count,unique_resource_id_count,resource_id_request_ratio,forbidden_count,forbidden_rate,not_found_count,not_found_rate,unique_failed_resource_id_count,resource_id_change_rate,max_sensitive_streak
c03d6200fbbf349e,2,29d88ae6a299305f8047c62b16bd2011036839d5b04eca30b87aa0e58f9e8813,2026-08-12T05:43:45+00:00,2026-08-12T05:44:15+00:00,0,normal,raw_v1_20260812_054207,normal,537,10,2,29.0,0.054104477611940295,0.0,1.0,0.0,7.75804469273743,4,0.0074487895716946,3,0.00558659217877095,1,0.00186219739292365,1,14,0.0260707635009311,0,0.0,0,0.0,0,0.9094827586206896,1
8a3f101deaeb648b,4,9b2e94d44d1ef8520af2d3e8fe05a1e9191da31c96716f08b60e18a5f9b23c51,2026-08-12T05:47:25+00:00,2026-08-12T05:47:55+00:00,0,normal,raw_v1_20260812_054207,normal,551,10,2,29.0,0.05272727272727273,0.0,1.0,0.0,6.792504537205081,2,0.003629764065335753,1,0.0018148820326678765,1,0.0018148820326678765,1,17,0.030852994555353903,0,0.0,0,0.0,0,0.9411764705882353,1
c5aaa839b65a29e2,5,22658b822da6f21ec09fd1ad6b5d75261f4531a860caa308f270460116b0eba2,2026-08-12T05:49:58+00:00,2026-08-12T05:50:28+00:00,0,normal,raw_v1_20260812_054207,normal,532,10,2,29.0,0.054613935969868174,0.0,1.0,0.0,8.080218045112781,6,0.011278195488721804,4,0.007518796992481203,2,0.0037593984962406013,2,17,0.03195488721804511,0,0.0,0,0.0,0,0.9383886255924171,1
82115d3c071af37c,4,9b2e94d44d1ef8520af2d3e8fe05a1e9191da31c96716f08b60e18a5f9b23c51,2026-08-12T05:47:29+00:00,2026-08-12T05:47:59+00:00,0,normal,raw_v1_20260812_054207,normal,551,10,2,29.0,0.05272727272727273,0.0,1.0,0.0,6.827673321234119,2,0.003629764065335753,1,0.0018148820326678765,1,0.0018148820326678765,1,17,0.030852994555353903,0,0.0,0,0.0,0,0.9329608938547486,1
245763a3a6cc93c5,5,22658b822da6f21ec09fd1ad6b5d75261f4531a860caa308f270460116b0eba2,2026-08-12T05:49:28+00:00,2026-08-12T05:49:58+00:00,0,normal,raw_v1_20260812_054207,normal,523,9,2,29.0,0.05555555555555555,0.0,1.0,0.0,7.789571701720841,3,0.0057361376673040155,3,0.0057361376673040155,0,0.0,0,17,0.032504780114722756,0,0.0,0,0.0,0,0.9095238095238095,1
83c43879ca43b7ab,2,29d88ae6a299305f8047c62b16bd2011036839d5b04eca30b87aa0e58f9e8813,2026-08-12T05:42:15+00:00,2026-08-12T05:42:45+00:00,0,normal,raw_v1_20260812_054207,normal,365,9,2,29.0,0.07967032967032966,0.0,1.0,0.0,14.82471506849315,2,0.005479452054794521,2,0.005479452054794521,0,0.0,0,16,0.043835616438356165,0,0.0,0,0.0,0,0.9207317073170732,1
7a49d1a15b1d6c27,2,29d88ae6a299305f8047c62b16bd2011036839d5b04eca30b87aa0e58f9e8813,2026-08-12T05:42:49+00:00,2026-08-12T05:43:19+00:00,0,normal,raw_v1_20260812_054207,normal,347,6,2,29.0,0.0838150289017341,0.0,1.0,0.0,15.920161383285304,0,0.0,0,0.0,0,0.0,0,16,0.04610951008645533,0,0.0,0,0.0,0,0.8823529411764706,0
842cd4392c1ffed3,6,b478ac99dd0ce00200d46f877a548aeb082634ac1fde71d074629386713108a4,2026-08-12T05:52:07+00:00,2026-08-12T05:52:37+00:00,0,normal,raw_v1_20260812_054207,normal,409,9,2,24.0,0.058823529411764705,0.0,1.0,0.0,11.744955990220049,7,0.017114914425427872,7,0.017114914425427872,0,0.0,0,12,0.029339853300733496,0,0.0,0,0.0,0,0.900497512437811,2
9ef0c990184faea7,2,29d88ae6a299305f8047c62b16bd2011036839d5b04eca30b87aa0e58f9e8813,2026-08-12T05:43:51+00:00,2026-08-12T05:44:21+00:00,0,normal,raw_v1_20260812_054207,normal,538,9,2,29.0,0.054003724394785846,0.0,1.0,0.0,7.840825278810408,2,0.0037174721189591076,2,0.0037174721189591076,0,0.0,0,13,0.024163568773234202,0,0.0,0,0.0,0,0.9039301310043668,1
077f9d515c50f42e,5,22658b822da6f21ec09fd1ad6b5d75261f4531a860caa308f270460116b0eba2,2026-08-12T05:48:40+00:00,2026-08-12T05:49:10+00:00,0,normal,raw_v1_20260812_054207,normal,525,10,2,29.0,0.05534351145038168,0.0,1.0,0.0,7.356207619047619,3,0.005714285714285714,2,0.0038095238095238095,1,0.0019047619047619048,1,19,0.03619047619047619,0,0.0,0,0.0,0,0.9219512195121952,1
a52711070fd20840,-1,anonymous,2026-08-12T05:46:27+00:00,2026-08-12T05:46:57+00:00,0,normal,unknown_run,normal,1,1,1,0.0,0.0,0.0,0.0,0.0,1.507,0,0.0,0,0.0,0,0.0,0,0,0.0,0,0.0,0,0.0,0,0.0,0
6d6dc82535b5063e,4,9b2e94d44d1ef8520af2d3e8fe05a1e9191da31c96716f08b60e18a5f9b23c51,2026-08-12T05:47:27+00:00,2026-08-12T05:47:57+00:00,0,normal,raw_v1_20260812_054207,normal,550,10,2,29.0,0.052823315118397086,0.0,1.0,0.0,6.83064,2,0.0036363636363636364,1,0.0018181818181818182,1,0.0018181818181818182,1,17,0.03090909090909091,0,0.0,0,0.0,0,0.9413407821229051,1
e236ce5794d3bf9d,5,22658b822da6f21ec09fd1ad6b5d75261f4531a860caa308f270460116b0eba2,2026-08-12T05:50:14+00:00,2026-08-12T05:50:44+00:00,0,normal,raw_v1_20260812_054207,normal,281,10,2,15.0,0.05357142857142857,0.0,1.0,0.0,7.792195729537368,2,0.0071174377224199285,1,0.0035587188612099642,1,0.0035587188612099642,1,16,0.05693950177935943,0,0.0,0,0.0,0,0.921875,1
1978a94c57ac2876,3,ea237752f73623591adc1111f6d71b8412fba4c49fadf45201a95ea6fec53e95,2026-08-12T05:46:09+00:00,2026-08-12T05:46:39+00:00,0,normal,raw_v1_20260812_054207,normal,476,9,2,26.0,0.05473684210526316,0.0,1.0,0.0,8.57089075630252,8,0.01680672268907563,8,0.01680672268907563,0,0.0,0,17,0.03571428571428571,0,0.0,0,0.0,0,0.896551724137931,1
43a53ee85c470351,6,b478ac99dd0ce00200d46f877a548aeb082634ac1fde71d074629386713108a4,2026-08-12T05:50:53+00:00,2026-08-12T05:51:23+00:00,0,normal,raw_v1_20260812_054207,normal,570,10,2,29.0,0.050966608084358524,0.0,1.0,0.0,7.582964912280702,6,0.010526315789473684,3,0.005263157894736842,3,0.005263157894736842,3,17,0.02982456140350877,0,0.0,0,0.0,0,0.9161073825503355,1
7cf457995c48f416,2,29d88ae6a299305f8047c62b16bd2011036839d5b04eca30b87aa0e58f9e8813,2026-08-12T05:43:03+00:00,2026-08-12T05:43:33+00:00,0,normal,raw_v1_20260812_054207,normal,443,10,2,29.0,0.06561085972850679,0.0,1.0,0.0,11.78735440180587,3,0.006772009029345372,1,0.002257336343115124,2,0.004514672686230248,2,16,0.03611738148984198,0,0.0,0,0.0,0,0.896774193548387,1
b986d0b67c88788c,-1,anonymous,2026-08-12T05:44:29+00:00,2026-08-12T05:44:59+00:00,0,normal,unknown_run,normal,1,1,1,0.0,0.0,0.0,0.0,0.0,1.079,0,0.0,0,0.0,0,0.0,0,0,0.0,0,0.0,0,0.0,0,0.0,0
363d21fe9cd03035,2,29d88ae6a299305f8047c62b16bd2011036839d5b04eca30b87aa0e58f9e8813,2026-08-12T05:43:01+00:00,2026-08-12T05:43:31+00:00,0,normal,raw_v1_20260812_054207,normal,425,10,2,29.0,0.06839622641509434,0.0,1.0,0.0,12.305522352941177,3,0.007058823529411765,1,0.002352941176470588,2,0.004705882352941176,2,16,0.03764705882352941,0,0.0,0,0.0,0,0.8851351351351351,1
c53e9966c251e214,-1,anonymous,2026-08-12T05:50:11+00:00,2026-08-12T05:50:41+00:00,0,normal,unknown_run,normal,1,1,1,0.0,0.0,0.0,0.0,0.0,1.235,0,0.0,0,0.0,0,0.0,0,0,0.0,0,0.0,0,0.0,0,0.0,0
35db9ad40e8a69d3,1,50aad02d8baf4da68ec29e8f1f10278198bbc5d968d13ced75986679b339a490,2026-08-12T05:47:53+00:00,2026-08-12T05:48:23+00:00,0,normal,unknown_run,normal,2,2,1,0.0,0.0,0.0,1.0,0.0,8.032,1,0.5,0,0.0,0,0.0,0,0,0.0,0,0.0,0,0.0,0,0.0,1
f7a7bc9e58bcdde2,1,50aad02d8baf4da68ec29e8f1f10278198bbc5d968d13ced75986679b339a490,2026-08-12T05:45:25+00:00,2026-08-12T05:45:55+00:00,0,normal,unknown_run,normal,2,2,1,0.0,0.0,0.0,1.0,0.0,10.139,1,0.5,0,0.0,0,0.0,0,0,0.0,0,0.0,0,0.0,0,0.0,1
39673fca4075d13e,4,9b2e94d44d1ef8520af2d3e8fe05a1e9191da31c96716f08b60e18a5f9b23c51,2026-08-12T05:47:17+00:00,2026-08-12T05:47:47+00:00,0,normal,raw_v1_20260812_054207,normal,554,10,2,29.0,0.05244122965641953,0.0,1.0,0.0,6.6656588447653435,5,0.009025270758122744,4,0.007220216606498195,1,0.0018050541516245488,1,17,0.030685920577617327,0,0.0,0,0.0,0,0.938375350140056,1
4c123d3287a4c9fe,3,ea237752f73623591adc1111f6d71b8412fba4c49fadf45201a95ea6fec53e95,2026-08-12T05:46:27+00:00,2026-08-12T05:46:57+00:00,0,normal,raw_v1_20260812_054207,normal,157,9,2,8.0,0.05128205128205128,0.0,1.0,0.0,8.858019108280253,4,0.025477707006369428,4,0.025477707006369428,0,0.0,0,17,0.10828025477707007,0,0.0,0,0.0,0,0.92,1
7f0d6e31ecddc5eb,2,29d88ae6a299305f8047c62b16bd2011036839d5b04eca30b87aa0e58f9e8813,2026-08-12T05:43:37+00:00,2026-08-12T05:44:07+00:00,0,normal,raw_v1_20260812_054207,normal,536,10,2,29.0,0.05420560747663551,0.0,1.0,0.0,7.6857649253731335,3,0.005597014925373134,2,0.0037313432835820895,1,0.0018656716417910447,1,14,0.026119402985074626,0,0.0,0,0.0,0,0.9152542372881356,1
53fc9a145b7a315f,4,9b2e94d44d1ef8520af2d3e8fe05a1e9191da31c96716f08b60e18a5f9b23c51,2026-08-12T05:48:25+00:00,2026-08-12T05:48:55+00:00,0,normal,raw_v1_20260812_054207,normal,106,8,2,5.0,0.047619047619047616,0.0,1.0,0.0,6.908235849056604,0,0.0,0,0.0,0,0.0,0,16,0.1509433962264151,0,0.0,0,0.0,0,0.9516129032258065,0
82bc25ecce5e129f,2,29d88ae6a299305f8047c62b16bd2011036839d5b04eca30b87aa0e58f9e8813,2026-08-12T05:44:13+00:00,2026-08-12T05:44:43+00:00,0,normal,raw_v1_20260812_054207,normal,349,10,2,20.0,0.05747126436781609,0.0,1.0,0.0,7.859361031518624,3,0.008595988538681949,2,0.0057306590257879654,1,0.0028653295128939827,1,13,0.03724928366762178,0,0.0,0,0.0,0,0.9025974025974026,1
6912208d229741b1,4,9b2e94d44d1ef8520af2d3e8fe05a1e9191da31c96716f08b60e18a5f9b23c51,2026-08-12T05:47:31+00:00,2026-08-12T05:48:01+00:00,0,normal,raw_v1_20260812_054207,normal,551,10,2,29.0,0.05272727272727273,0.0,1.0,0.0,6.850705989110708,2,0.003629764065335753,1,0.0018148820326678765,1,0.0018148820326678765,1,17,0.030852994555353903,0,0.0,0,0.0,0,0.9303621169916435,1
32520b8317535ebe,-1,anonymous,2026-08-12T05:52:49+00:00,2026-08-12T05:53:19+00:00,0,normal,unknown_run,normal,2,1,1,3.0,3.0,3.0,0.0,0.0,1.2905,0,0.0,0,0.0,0,0.0,0,0,0.0,0,0.0,0,0.0,0,0.0,0
91d1ad4825dc28cb,2,29d88ae6a299305f8047c62b16bd2011036839d5b04eca30b87aa0e58f9e8813,2026-08-12T05:43:33+00:00,2026-08-12T05:44:03+00:00,0,normal,raw_v1_20260812_054207,normal,539,10,2,29.0,0.05390334572490706,0.0,1.0,0.0,7.684126159554732,3,0.0055658627087198514,2,0.0037105751391465678,1,0.0018552875695732839,1,14,0.025974025974025976,0,0.0,0,0.0,0,0.8931623931623932,1
01b02b5767ccc107,3,ea237752f73623591adc1111f6d71b8412fba4c49fadf45201a95ea6fec53e95,2026-08-12T05:44:43+00:00,2026-08-12T05:45:13+00:00,0,normal,raw_v1_20260812_054207,normal,544,9,2,29.0,0.053406998158379376,0.0,1.0,0.0,6.906051470588235,4,0.007352941176470588,4,0.007352941176470588,0,0.0,0,19,0.034926470588235295,0,0.0,0,0.0,0,0.9225352112676056,1
b992774ce69e516e,-1,anonymous,2026-08-12T05:52:51+00:00,2026-08-12T05:53:21+00:00,0,normal,unknown_run,normal,1,1,1,0.0,0.0,0.0,0.0,0.0,1.144,0,0.0,0,0.0,0,0.0,0,0,0.0,0,0.0,0,0.0,0,0.0,0
97f93b3fec732855,4,9b2e94d44d1ef8520af2d3e8fe05a1e9191da31c96716f08b60e18a5f9b23c51,2026-08-12T05:47:57+00:00,2026-08-12T05:48:27+00:00,0,normal,raw_v1_20260812_054207,normal,539,9,2,29.0,0.05390334572490706,0.0,1.0,0.0,7.047074211502783,3,0.0055658627087198514,3,0.0055658627087198514,0,0.0,0,16,0.029684601113172542,0,0.0,0,0.0,0,0.9294478527607362,1
4536ea46ab60f269,4,9b2e94d44d1ef8520af2d3e8fe05a1e9191da31c96716f08b60e18a5f9b23c51,2026-08-12T05:48:29+00:00,2026-08-12T05:48:59+00:00,0,normal,raw_v1_20260812_054207,normal,33,7,2,1.0,0.03125,0.0,1.0,0.0,7.708363636363638,0,0.0,0,0.0,0,0.0,0,10,0.30303030303030304,0,0.0,0,0.0,0,0.9444444444444444,0
bcac23332c0088b1,-1,anonymous,2026-08-12T05:50:23+00:00,2026-08-12T05:50:53+00:00,0,normal,unknown_run,normal,1,1,1,0.0,0.0,0.0,0.0,0.0,1.235,0,0.0,0,0.0,0,0.0,0,0,0.0,0,0.0,0,0.0,0,0.0,0
37ac38108d9c53ad,2,29d88ae6a299305f8047c62b16bd2011036839d5b04eca30b87aa0e58f9e8813,2026-08-12T05:43:11+00:00,2026-08-12T05:43:41+00:00,0,normal,raw_v1_20260812_054207,normal,495,10,2,29.0,0.058704453441295545,0.0,1.0,0.0,10.061971717171716,3,0.006060606060606061,1,0.00202020202020202,2,0.00404040404040404,2,16,0.03232323232323232,0,0.0,0,0.0,0,0.8806818181818182,1
907debf7d33b4548,-1,anonymous,2026-08-12T05:52:43+00:00,2026-08-12T05:53:13+00:00,0,normal,unknown_run,normal,4,1,1,8.0,2.6666666666666665,2.0,0.0,0.0,1.185,0,0.0,0,0.0,0,0.0,0,0,0.0,0,0.0,0,0.0,0,0.0,0
9cf277c12f65ccc0,-1,anonymous,2026-08-12T05:44:07+00:00,2026-08-12T05:44:37+00:00,0,normal,unknown_run,normal,1,1,1,0.0,0.0,0.0,0.0,0.0,1.079,0,0.0,0,0.0,0,0.0,0,0,0.0,0,0.0,0,0.0,0,0.0,0
1f11d0d8e6bc4a65,2,29d88ae6a299305f8047c62b16bd2011036839d5b04eca30b87aa0e58f9e8813,2026-08-12T05:43:19+00:00,2026-08-12T05:43:49+00:00,0,normal,raw_v1_20260812_054207,normal,537,10,2,29.0,0.054104477611940295,0.0,1.0,0.0,8.152145251396648,4,0.0074487895716946,1,0.00186219739292365,3,0.00558659217877095,3,16,0.0297951582867784,0,0.0,0,0.0,0,0.9103139013452914,1
be2dfdbbac01679f,-1,anonymous,2026-08-12T05:52:35+00:00,2026-08-12T05:53:05+00:00,0,normal,unknown_run,normal,6,1,1,17.0,3.4,2.0,0.0,0.0,1.3033333333333335,0,0.0,0,0.0,0,0.0,0,0,0.0,0,0.0,0,0.0,0,0.0,0
8d6bce2e9896c23f,3,ea237752f73623591adc1111f6d71b8412fba4c49fadf45201a95ea6fec53e95,2026-08-12T05:46:25+00:00,2026-08-12T05:46:55+00:00,0,normal,raw_v1_20260812_054207,normal,191,9,2,10.0,0.05263157894736842,0.0,1.0,0.0,8.70906282722513,4,0.020942408376963352,4,0.020942408376963352,0,0.0,0,17,0.08900523560209424,0,0.0,0,0.0,0,0.8842105263157894,1
58b7f9950b31026b,3,ea237752f73623591adc1111f6d71b8412fba4c49fadf45201a95ea6fec53e95,2026-08-12T05:45:09+00:00,2026-08-12T05:45:39+00:00,0,normal,raw_v1_20260812_054207,normal,545,9,2,29.0,0.05330882352941176,0.0,1.0,0.0,7.48336880733945,5,0.009174311926605505,5,0.009174311926605505,0,0.0,0,19,0.03486238532110092,0,0.0,0,0.0,0,0.9087591240875912,1
c56ea2615d4158d8,5,22658b822da6f21ec09fd1ad6b5d75261f4531a860caa308f270460116b0eba2,2026-08-12T05:50:20+00:00,2026-08-12T05:50:50+00:00,0,normal,raw_v1_20260812_054207,normal,172,10,2,9.0,0.05263157894736842,0.0,1.0,0.0,7.920627906976744,2,0.011627906976744186,1,0.005813953488372093,1,0.005813953488372093,1,16,0.09302325581395349,0,0.0,0,0.0,0,0.8904109589041096,1
d1bbbfcac51b16b8,4,9b2e94d44d1ef8520af2d3e8fe05a1e9191da31c96716f08b60e18a5f9b23c51,2026-08-12T05:47:19+00:00,2026-08-12T05:47:49+00:00,0,normal,raw_v1_20260812_054207,normal,553,10,2,29.0,0.05253623188405797,0.0,1.0,0.0,6.7381880650994574,4,0.007233273056057866,3,0.0054249547920434,1,0.0018083182640144665,1,17,0.03074141048824593,0,0.0,0,0.0,0,0.9388888888888889,1
d682d071e66e4db4,6,b478ac99dd0ce00200d46f877a548aeb082634ac1fde71d074629386713108a4,2026-08-12T05:50:33+00:00,2026-08-12T05:51:03+00:00,0,normal,raw_v1_20260812_054207,normal,545,10,2,29.0,0.05330882352941176,0.0,1.0,0.0,7.1631724770642204,4,0.007339449541284404,3,0.005504587155963303,1,0.001834862385321101,1,18,0.03302752293577982,0,0.0,0,0.0,0,0.9415807560137457,1
f3b514eb97dccd02,4,9b2e94d44d1ef8520af2d3e8fe05a1e9191da31c96716f08b60e18a5f9b23c51,2026-08-12T05:48:01+00:00,2026-08-12T05:48:31+00:00,0,normal,raw_v1_20260812_054207,normal,534,9,2,29.0,0.054409005628517824,0.0,1.0,0.0,7.0811385767790265,3,0.0056179775280898875,3,0.0056179775280898875,0,0.0,0,16,0.0299625468164794,0,0.0,0,0.0,0,0.9394904458598726,1
668b97205efa3bb2,6,b478ac99dd0ce00200d46f877a548aeb082634ac1fde71d074629386713108a4,2026-08-12T05:51:27+00:00,2026-08-12T05:51:57+00:00,0,normal,raw_v1_20260812_054207,normal,527,10,2,29.0,0.055133079847908745,0.0,1.0,0.0,9.991366223908917,6,0.011385199240986717,4,0.007590132827324478,2,0.003795066413662239,2,14,0.026565464895635674,0,0.0,0,0.0,0,0.9068100358422939,1
c8b56530cde9243b,3,ea237752f73623591adc1111f6d71b8412fba4c49fadf45201a95ea6fec53e95,2026-08-12T05:46:23+00:00,2026-08-12T05:46:53+00:00,0,normal,raw_v1_20260812_054207,normal,225,9,2,12.0,0.05357142857142857,0.0,1.0,0.0,8.637093333333333,4,0.017777777777777778,4,0.017777777777777778,0,0.0,0,17,0.07555555555555556,0,0.0,0,0.0,0,0.8818181818181818,1
84e8c8aaa2875423,4,9b2e94d44d1ef8520af2d3e8fe05a1e9191da31c96716f08b60e18a5f9b23c51,2026-08-12T05:48:13+00:00,2026-08-12T05:48:43+00:00,0,normal,raw_v1_20260812_054207,normal,316,9,2,17.0,0.05396825396825397,0.0,1.0,0.0,7.089316455696203,2,0.006329113924050633,2,0.006329113924050633,0,0.0,0,16,0.05063291139240506,0,0.0,0,0.0,0,0.946524064171123,1
d745629b9d49dbf3,4,9b2e94d44d1ef8520af2d3e8fe05a1e9191da31c96716f08b60e18a5f9b23c51,2026-08-12T05:46:41+00:00,2026-08-12T05:47:11+00:00,0,normal,raw_v1_20260812_054207,normal,532,10,2,29.0,0.054613935969868174,0.0,1.0,0.0,6.2482744360902265,3,0.005639097744360902,1,0.0018796992481203006,2,0.0037593984962406013,2,19,0.03571428571428571,0,0.0,0,0.0,0,0.9049079754601227,1
7fdb8385c60c5477,4,9b2e94d44d1ef8520af2d3e8fe05a1e9191da31c96716f08b60e18a5f9b23c51,2026-08-12T05:47:07+00:00,2026-08-12T05:47:37+00:00,0,normal,raw_v1_20260812_054207,normal,549,10,2,29.0,0.05291970802919708,0.0,1.0,0.0,6.566910746812386,4,0.007285974499089253,3,0.00546448087431694,1,0.0018214936247723133,1,17,0.030965391621129327,0,0.0,0,0.0,0,0.9491525423728814,1
8e5d4f349af9f3e4,4,9b2e94d44d1ef8520af2d3e8fe05a1e9191da31c96716f08b60e18a5f9b23c51,2026-08-12T05:46:43+00:00,2026-08-12T05:47:13+00:00,0,normal,raw_v1_20260812_054207,normal,534,10,2,29.0,0.054409005628517824,0.0,1.0,0.0,6.323372659176029,3,0.0056179775280898875,1,0.0018726591760299626,2,0.003745318352059925,2,19,0.035580524344569285,0,0.0,0,0.0,0,0.9102167182662538,1
fe05defb29588635,3,ea237752f73623591adc1111f6d71b8412fba4c49fadf45201a95ea6fec53e95,2026-08-12T05:45:01+00:00,2026-08-12T05:45:31+00:00,0,normal,raw_v1_20260812_054207,normal,542,9,2,29.0,0.053604436229205174,0.0,1.0,0.0,7.247891143911439,6,0.01107011070110701,6,0.01107011070110701,0,0.0,0,19,0.03505535055350553,0,0.0,0,0.0,0,0.9163636363636364,1
b190228d8760bf2e,4,9b2e94d44d1ef8520af2d3e8fe05a1e9191da31c96716f08b60e18a5f9b23c51,2026-08-12T05:48:07+00:00,2026-08-12T05:48:37+00:00,0,normal,raw_v1_20260812_054207,normal,420,9,2,23.0,0.05489260143198091,0.0,1.0,0.0,7.071526190476191,2,0.004761904761904762,2,0.004761904761904762,0,0.0,0,16,0.0380952380952381,0,0.0,0,0.0,0,0.9433198380566802,1
1919541293c8f521,6,b478ac99dd0ce00200d46f877a548aeb082634ac1fde71d074629386713108a4,2026-08-12T05:52:31+00:00,2026-08-12T05:53:01+00:00,0,normal,raw_v1_20260812_054207,normal,5,2,1,0.0,0.0,0.0,1.0,0.0,13.023399999999999,0,0.0,0,0.0,0,0.0,0,1,0.2,0,0.0,0,0.0,0,0.0,0
7d9b91779bcbd02d,4,9b2e94d44d1ef8520af2d3e8fe05a1e9191da31c96716f08b60e18a5f9b23c51,2026-08-12T05:47:59+00:00,2026-08-12T05:48:29+00:00,0,normal,raw_v1_20260812_054207,normal,539,9,2,29.0,0.05390334572490706,0.0,1.0,0.0,6.989317254174398,3,0.0055658627087198514,3,0.0055658627087198514,0,0.0,0,16,0.029684601113172542,0,0.0,0,0.0,0,0.9380804953560371,1
8cf097c748806ec0,3,ea237752f73623591adc1111f6d71b8412fba4c49fadf45201a95ea6fec53e95,2026-08-12T05:45:45+00:00,2026-08-12T05:46:15+00:00,0,normal,raw_v1_20260812_054207,normal,533,10,2,29.0,0.05451127819548872,0.0,1.0,0.0,8.32851407129456,8,0.0150093808630394,6,0.01125703564727955,2,0.00375234521575985,2,19,0.03564727954971857,0,0.0,0,0.0,0,0.9191176470588235,1
b36561fd43437475,-1,anonymous,2026-08-12T05:48:05+00:00,2026-08-12T05:48:35+00:00,0,normal,unknown_run,normal,1,1,1,0.0,0.0,0.0,0.0,0.0,0.908,0,0.0,0,0.0,0,0.0,0,0,0.0,0,0.0,0,0.0,0,0.0,0
c157ad0799e66811,-1,anonymous,2026-08-12T05:46:19+00:00,2026-08-12T05:46:49+00:00,0,normal,unknown_run,normal,1,1,1,0.0,0.0,0.0,0.0,0.0,1.507,0,0.0,0,0.0,0,0.0,0,0,0.0,0,0.0,0,0.0,0,0.0,0
ce2576195ceb06ef,5,22658b822da6f21ec09fd1ad6b5d75261f4531a860caa308f270460116b0eba2,2026-08-12T05:50:16+00:00,2026-08-12T05:50:46+00:00,0,normal,raw_v1_20260812_054207,normal,245,10,2,13.0,0.05327868852459016,0.0,1.0,0.0,7.856114285714286,2,0.00816326530612245,1,0.004081632653061225,1,0.004081632653061225,1,16,0.0653061224489796,0,0.0,0,0.0,0,0.9181818181818182,1
7664188a004cfea2,-1,anonymous,2026-08-12T05:48:01+00:00,2026-08-12T05:48:31+00:00,0,normal,unknown_run,normal,1,1,1,0.0,0.0,0.0,0.0,0.0,0.908,0,0.0,0,0.0,0,0.0,0,0,0.0,0,0.0,0,0.0,0,0.0,0
19535d5548a6d7b2,2,29d88ae6a299305f8047c62b16bd2011036839d5b04eca30b87aa0e58f9e8813,2026-08-12T05:43:49+00:00,2026-08-12T05:44:19+00:00,0,normal,raw_v1_20260812_054207,normal,539,9,2,29.0,0.05390334572490706,0.0,1.0,0.0,7.8343933209647485,3,0.0055658627087198514,3,0.0055658627087198514,0,0.0,0,13,0.02411873840445269,0,0.0,0,0.0,0,0.9074889867841409,1
e2b303587b441b6e,2,29d88ae6a299305f8047c62b16bd2011036839d5b04eca30b87aa0e58f9e8813,2026-08-12T05:44:27+00:00,2026-08-12T05:44:57+00:00,0,normal,raw_v1_20260812_054207,normal,103,7,2,6.0,0.058823529411764705,0.0,1.0,0.0,8.28914563106796,1,0.009708737864077669,1,0.009708737864077669,0,0.0,0,12,0.11650485436893204,0,0.0,0,0.0,0,0.8837209302325582,1
3f6768ebacb45281,4,9b2e94d44d1ef8520af2d3e8fe05a1e9191da31c96716f08b60e18a5f9b23c51,2026-08-12T05:46:45+00:00,2026-08-12T05:47:15+00:00,0,normal,raw_v1_20260812_054207,normal,534,10,2,29.0,0.054409005628517824,0.0,1.0,0.0,6.29779213483146,3,0.0056179775280898875,1,0.0018726591760299626,2,0.003745318352059925,2,19,0.035580524344569285,0,0.0,0,0.0,0,0.906832298136646,1
c674b7a911e37c63,6,b478ac99dd0ce00200d46f877a548aeb082634ac1fde71d074629386713108a4,2026-08-12T05:51:19+00:00,2026-08-12T05:51:49+00:00,0,normal,raw_v1_20260812_054207,normal,535,10,2,29.0,0.054307116104868915,0.0,1.0,0.0,9.229927102803737,6,0.011214953271028037,5,0.009345794392523364,1,0.001869158878504673,1,14,0.026168224299065422,0,0.0,0,0.0,0,0.9154929577464789,1
130e3bdbb61da4af,2,29d88ae6a299305f8047c62b16bd2011036839d5b04eca30b87aa0e58f9e8813,2026-08-12T05:42:51+00:00,2026-08-12T05:43:21+00:00,0,normal,raw_v1_20260812_054207,normal,359,6,2,29.0,0.08100558659217877,0.0,1.0,0.0,15.407994428969358,0,0.0,0,0.0,0,0.0,0,16,0.04456824512534819,0,0.0,0,0.0,0,0.8760330578512396,0
4a08d4e3a7b5a809,5,22658b822da6f21ec09fd1ad6b5d75261f4531a860caa308f270460116b0eba2,2026-08-12T05:50:18+00:00,2026-08-12T05:50:48+00:00,0,normal,raw_v1_20260812_054207,normal,209,10,2,11.0,0.052884615384615384,0.0,1.0,0.0,7.887483253588516,2,0.009569377990430622,1,0.004784688995215311,1,0.004784688995215311,1,16,0.07655502392344497,0,0.0,0,0.0,0,0.9120879120879121,1
28b14d07ecb941a1,4,9b2e94d44d1ef8520af2d3e8fe05a1e9191da31c96716f08b60e18a5f9b23c51,2026-08-12T05:47:45+00:00,2026-08-12T05:48:15+00:00,0,normal,raw_v1_20260812_054207,normal,547,9,2,29.0,0.05311355311355311,0.0,1.0,0.0,7.216206581352833,1,0.0018281535648994515,1,0.0018281535648994515,0,0.0,0,16,0.029250457038391225,0,0.0,0,0.0,0,0.9343283582089552,1
c4ff3b366c3564f1,3,ea237752f73623591adc1111f6d71b8412fba4c49fadf45201a95ea6fec53e95,2026-08-12T05:44:37+00:00,2026-08-12T05:45:07+00:00,0,normal,raw_v1_20260812_054207,normal,539,9,2,29.0,0.05390334572490706,0.0,1.0,0.0,6.855102040816327,6,0.011131725417439703,6,0.011131725417439703,0,0.0,0,19,0.03525046382189239,0,0.0,0,0.0,0,0.9479166666666666,1
2ea2bd67e7f41ede,-1,anonymous,2026-08-12T05:42:13+00:00,2026-08-12T05:42:43+00:00,0,normal,unknown_run,normal,1,1,1,0.0,0.0,0.0,0.0,0.0,1.12,0,0.0,0,0.0,0,0.0,0,0,0.0,0,0.0,0,0.0,0,0.0,0
1e031f536421ce6f,5,22658b822da6f21ec09fd1ad6b5d75261f4531a860caa308f270460116b0eba2,2026-08-12T05:48:56+00:00,2026-08-12T05:49:26+00:00,0,normal,raw_v1_20260812_054207,normal,530,10,2,29.0,0.054820415879017016,0.0,1.0,0.0,7.477281132075471,7,0.013207547169811321,5,0.009433962264150943,2,0.0037735849056603774,2,19,0.035849056603773584,0,0.0,0,0.0,0,0.9342105263157895,1
c9173c0363cd876e,1,50aad02d8baf4da68ec29e8f1f10278198bbc5d968d13ced75986679b339a490,2026-08-12T05:47:51+00:00,2026-08-12T05:48:21+00:00,0,normal,unknown_run,normal,2,2,1,0.0,0.0,0.0,1.0,0.0,8.032,1,0.5,0,0.0,0,0.0,0,0,0.0,0,0.0,0,0.0,0,0.0,1
5966218806d6db85,3,ea237752f73623591adc1111f6d71b8412fba4c49fadf45201a95ea6fec53e95,2026-08-12T05:46:03+00:00,2026-08-12T05:46:33+00:00,0,normal,raw_v1_20260812_054207,normal,528,9,2,29.0,0.05502846299810247,0.0,1.0,0.0,8.593130681818181,9,0.017045454545454544,9,0.017045454545454544,0,0.0,0,17,0.032196969696969696,0,0.0,0,0.0,0,0.9076923076923077,1
cd8b465346333212,6,b478ac99dd0ce00200d46f877a548aeb082634ac1fde71d074629386713108a4,2026-08-12T05:50:39+00:00,2026-08-12T05:51:09+00:00,0,normal,raw_v1_20260812_054207,normal,557,10,2,29.0,0.052158273381294966,0.0,1.0,0.0,7.378843806104128,6,0.010771992818671455,4,0.00718132854578097,2,0.003590664272890485,2,18,0.03231597845601436,0,0.0,0,0.0,0,0.9275862068965517,1
373c9c82b433dd9d,5,22658b822da6f21ec09fd1ad6b5d75261f4531a860caa308f270460116b0eba2,2026-08-12T05:48:30+00:00,2026-08-12T05:49:00+00:00,0,normal,unknown_run,normal,512,11,2,29.0,0.05675146771037182,0.0,1.0,0.0,7.362271484375,2,0.00390625,2,0.00390625,0,0.0,0,19,0.037109375,0,0.0,0,0.0,0,0.9270833333333334,1
744d6042f1c4694d,2,29d88ae6a299305f8047c62b16bd2011036839d5b04eca30b87aa0e58f9e8813,2026-08-12T05:43:35+00:00,2026-08-12T05:44:05+00:00,0,normal,raw_v1_20260812_054207,normal,534,10,2,29.0,0.054409005628517824,0.0,1.0,0.0,7.65343820224719,3,0.0056179775280898875,2,0.003745318352059925,1,0.0018726591760299626,1,14,0.026217228464419477,0,0.0,0,0.0,0,0.9029535864978903,1
44380cbce77befce,1,50aad02d8baf4da68ec29e8f1f10278198bbc5d968d13ced75986679b339a490,2026-08-12T05:45:15+00:00,2026-08-12T05:45:45+00:00,0,normal,unknown_run,normal,2,2,1,0.0,0.0,0.0,1.0,0.0,10.139,1,0.5,0,0.0,0,0.0,0,0,0.0,0,0.0,0,0.0,0,0.0,1
5f2633c7e0894ab6,6,b478ac99dd0ce00200d46f877a548aeb082634ac1fde71d074629386713108a4,2026-08-12T05:50:43+00:00,2026-08-12T05:51:13+00:00,0,normal,raw_v1_20260812_054207,normal,564,10,2,29.0,0.05150976909413854,0.0,1.0,0.0,7.2885390070922,7,0.012411347517730497,4,0.0070921985815602835,3,0.005319148936170213,3,18,0.031914893617021274,0,0.0,0,0.0,0,0.9174917491749175,1
c2d9e53fd73a2520,4,9b2e94d44d1ef8520af2d3e8fe05a1e9191da31c96716f08b60e18a5f9b23c51,2026-08-12T05:46:49+00:00,2026-08-12T05:47:19+00:00,0,normal,raw_v1_20260812_054207,normal,532,10,2,29.0,0.054613935969868174,0.0,1.0,0.0,6.376528195488722,4,0.007518796992481203,2,0.0037593984962406013,2,0.0037593984962406013,2,19,0.03571428571428571,0,0.0,0,0.0,0,0.9050632911392406,1
ceea059b779059c8,1,50aad02d8baf4da68ec29e8f1f10278198bbc5d968d13ced75986679b339a490,2026-08-12T05:48:11+00:00,2026-08-12T05:48:41+00:00,0,normal,unknown_run,normal,2,2,1,0.0,0.0,0.0,1.0,0.0,8.032,1,0.5,0,0.0,0,0.0,0,0,0.0,0,0.0,0,0.0,0,0.0,1
e5600cedfbee26d4,1,50aad02d8baf4da68ec29e8f1f10278198bbc5d968d13ced75986679b339a490,2026-08-12T05:47:47+00:00,2026-08-12T05:48:17+00:00,0,normal,unknown_run,normal,2,2,1,0.0,0.0,0.0,1.0,0.0,8.032,1,0.5,0,0.0,0,0.0,0,0,0.0,0,0.0,0,0.0,0,0.0,1
44746e095d806d27,6,b478ac99dd0ce00200d46f877a548aeb082634ac1fde71d074629386713108a4,2026-08-12T05:51:11+00:00,2026-08-12T05:51:41+00:00,0,normal,raw_v1_20260812_054207,normal,548,10,2,29.0,0.05301645338208409,0.0,1.0,0.0,8.667226277372261,6,0.010948905109489052,5,0.009124087591240875,1,0.0018248175182481751,1,15,0.02737226277372263,0,0.0,0,0.0,0,0.92,1
bef1fde92bf328cd,1,50aad02d8baf4da68ec29e8f1f10278198bbc5d968d13ced75986679b339a490,2026-08-12T05:45:13+00:00,2026-08-12T05:45:43+00:00,0,normal,unknown_run,normal,2,2,1,0.0,0.0,0.0,1.0,0.0,10.139,1,0.5,0,0.0,0,0.0,0,0,0.0,0,0.0,0,0.0,0,0.0,1
c5732440df36eed7,2,29d88ae6a299305f8047c62b16bd2011036839d5b04eca30b87aa0e58f9e8813,2026-08-12T05:42:13+00:00,2026-08-12T05:42:43+00:00,0,normal,unknown_run,normal,353,11,2,29.0,0.08238636363636363,0.0,1.0,0.0,15.396824362606232,2,0.0056657223796034,2,0.0056657223796034,0,0.0,0,16,0.0453257790368272,0,0.0,0,0.0,0,0.9294871794871795,1
a2d98ab79e44ae08,5,22658b822da6f21ec09fd1ad6b5d75261f4531a860caa308f270460116b0eba2,2026-08-12T05:49:34+00:00,2026-08-12T05:50:04+00:00,0,normal,raw_v1_20260812_054207,normal,522,9,2,29.0,0.05566218809980806,0.0,1.0,0.0,7.923365900383143,4,0.007662835249042145,4,0.007662835249042145,0,0.0,0,17,0.032567049808429116,0,0.0,0,0.0,0,0.9227053140096618,1
b6cecf2035f4ff53,4,9b2e94d44d1ef8520af2d3e8fe05a1e9191da31c96716f08b60e18a5f9b23c51,2026-08-12T05:46:37+00:00,2026-08-12T05:47:07+00:00,0,normal,raw_v1_20260812_054207,normal,531,10,2,29.0,0.05471698113207547,0.0,1.0,0.0,6.1351676082862525,3,0.005649717514124294,1,0.0018832391713747645,2,0.003766478342749529,2,19,0.035781544256120526,0,0.0,0,0.0,0,0.9077380952380952,1
685b21544dd810c8,1,50aad02d8baf4da68ec29e8f1f10278198bbc5d968d13ced75986679b339a490,2026-08-12T05:47:59+00:00,2026-08-12T05:48:29+00:00,0,normal,unknown_run,normal,2,2,1,0.0,0.0,0.0,1.0,0.0,8.032,1,0.5,0,0.0,0,0.0,0,0,0.0,0,0.0,0,0.0,0,0.0,1
b7981bbbf9980028,1,50aad02d8baf4da68ec29e8f1f10278198bbc5d968d13ced75986679b339a490,2026-08-12T05:45:17+00:00,2026-08-12T05:45:47+00:00,0,normal,unknown_run,normal,2,2,1,0.0,0.0,0.0,1.0,0.0,10.139,1,0.5,0,0.0,0,0.0,0,0,0.0,0,0.0,0,0.0,0,0.0,1
37e364b214a2487f,-1,anonymous,2026-08-12T05:52:21+00:00,2026-08-12T05:52:51+00:00,0,normal,unknown_run,normal,6,1,1,17.0,3.4,2.0,0.0,0.0,1.4423333333333332,0,0.0,0,0.0,0,0.0,0,0,0.0,0,0.0,0,0.0,0,0.0,0
0594c15454c1cef6,1,50aad02d8baf4da68ec29e8f1f10278198bbc5d968d13ced75986679b339a490,2026-08-12T05:47:57+00:00,2026-08-12T05:48:27+00:00,0,normal,unknown_run,normal,2,2,1,0.0,0.0,0.0,1.0,0.0,8.032,1,0.5,0,0.0,0,0.0,0,0,0.0,0,0.0,0,0.0,0,0.0,1
13efc563cf3daf2c,5,22658b822da6f21ec09fd1ad6b5d75261f4531a860caa308f270460116b0eba2,2026-08-12T05:50:24+00:00,2026-08-12T05:50:54+00:00,0,normal,raw_v1_20260812_054207,normal,101,8,2,5.0,0.05,0.0,1.0,0.0,7.787653465346534,0,0.0,0,0.0,0,0.0,0,13,0.12871287128712872,0,0.0,0,0.0,0,0.8863636363636364,0
4f67e20c6cf3659b,-1,anonymous,2026-08-12T05:46:15+00:00,2026-08-12T05:46:45+00:00,0,normal,unknown_run,normal,1,1,1,0.0,0.0,0.0,0.0,0.0,1.507,0,0.0,0,0.0,0,0.0,0,0,0.0,0,0.0,0,0.0,0,0.0,0
831a1cdde3ba8bcc,6,b478ac99dd0ce00200d46f877a548aeb082634ac1fde71d074629386713108a4,2026-08-12T05:51:37+00:00,2026-08-12T05:52:07+00:00,0,normal,raw_v1_20260812_054207,normal,514,9,2,29.0,0.056530214424951264,0.0,1.0,0.0,10.16651167315175,2,0.0038910505836575876,0,0.0,2,0.0038910505836575876,2,14,0.027237354085603113,0,0.0,0,0.0,0,0.9130434782608695,1
4488425fb74d0327,6,b478ac99dd0ce00200d46f877a548aeb082634ac1fde71d074629386713108a4,2026-08-12T05:52:23+00:00,2026-08-12T05:52:53+00:00,0,normal,raw_v1_20260812_054207,normal,138,9,2,8.0,0.058394160583941604,0.0,1.0,0.0,11.39941304347826,2,0.014492753623188406,2,0.014492753623188406,0,0.0,0,12,0.08695652173913043,0,0.0,0,0.0,0,0.8125,1
fce7b99c09e7a95a,-1,anonymous,2026-08-12T05:52:23+00:00,2026-08-12T05:52:53+00:00,0,normal,unknown_run,normal,7,1,1,20.0,3.3333333333333335,2.0,0.0,0.0,1.3997142857142857,0,0.0,0,0.0,0,0.0,0,0,0.0,0,0.0,0,0.0,0,0.0,0
951ef48b007d5fdb,6,b478ac99dd0ce00200d46f877a548aeb082634ac1fde71d074629386713108a4,2026-08-12T05:50:57+00:00,2026-08-12T05:51:27+00:00,0,normal,raw_v1_20260812_054207,normal,567,10,2,29.0,0.05123674911660778,0.0,1.0,0.0,7.813239858906526,6,0.010582010582010581,3,0.005291005291005291,3,0.005291005291005291,3,17,0.029982363315696647,0,0.0,0,0.0,0,0.9106529209621993,1
b8a7ba21db0dcf1e,1,50aad02d8baf4da68ec29e8f1f10278198bbc5d968d13ced75986679b339a490,2026-08-12T05:48:03+00:00,2026-08-12T05:48:33+00:00,0,normal,unknown_run,normal,2,2,1,0.0,0.0,0.0,1.0,0.0,8.032,1,0.5,0,0.0,0,0.0,0,0,0.0,0,0.0,0,0.0,0,0.0,1
f6b563a149620c37,4,9b2e94d44d1ef8520af2d3e8fe05a1e9191da31c96716f08b60e18a5f9b23c51,2026-08-12T05:47:13+00:00,2026-08-12T05:47:43+00:00,0,normal,raw_v1_20260812_054207,normal,547,10,2,29.0,0.05311355311355311,0.0,1.0,0.0,6.590484460694698,5,0.009140767824497258,4,0.007312614259597806,1,0.0018281535648994515,1,17,0.031078610603290677,0,0.0,0,0.0,0,0.9497206703910615,1
21f1587584e2972d,2,29d88ae6a299305f8047c62b16bd2011036839d5b04eca30b87aa0e58f9e8813,2026-08-12T05:43:21+00:00,2026-08-12T05:43:51+00:00,0,normal,raw_v1_20260812_054207,normal,536,10,2,29.0,0.05420560747663551,0.0,1.0,0.0,8.066772388059702,5,0.009328358208955223,2,0.0037313432835820895,3,0.005597014925373134,3,16,0.029850746268656716,0,0.0,0,0.0,0,0.91324200913242,1
e23eebef06e9e7e3,5,22658b822da6f21ec09fd1ad6b5d75261f4531a860caa308f270460116b0eba2,2026-08-12T05:50:04+00:00,2026-08-12T05:50:34+00:00,0,normal,raw_v1_20260812_054207,normal,458,10,2,25.0,0.05470459518599562,0.0,1.0,0.0,8.094947598253276,5,0.010917030567685589,3,0.006550218340611353,2,0.004366812227074236,2,17,0.03711790393013101,0,0.0,0,0.0,0,0.9411764705882353,1
eb4037f8b8882f8f,3,ea237752f73623591adc1111f6d71b8412fba4c49fadf45201a95ea6fec53e95,2026-08-12T05:45:41+00:00,2026-08-12T05:46:11+00:00,0,normal,raw_v1_20260812_054207,normal,531,10,2,29.0,0.05471698113207547,0.0,1.0,0.0,8.15698493408663,6,0.011299435028248588,4,0.007532956685499058,2,0.003766478342749529,2,19,0.035781544256120526,0,0.0,0,0.0,0,0.9222222222222223,1
2f02cebdea71cdf4,-1,anonymous,2026-08-12T05:52:03+00:00,2026-08-12T05:52:33+00:00,0,normal,unknown_run,normal,1,1,1,0.0,0.0,0.0,0.0,0.0,1.978,0,0.0,0,0.0,0,0.0,0,0,0.0,0,0.0,0,0.0,0,0.0,0
af1060e229273045,1,50aad02d8baf4da68ec29e8f1f10278198bbc5d968d13ced75986679b339a490,2026-08-12T05:48:07+00:00,2026-08-12T05:48:37+00:00,0,normal,unknown_run,normal,2,2,1,0.0,0.0,0.0,1.0,0.0,8.032,1,0.5,0,0.0,0,0.0,0,0,0.0,0,0.0,0,0.0,0,0.0,1
af33a3daffef65c6,4,9b2e94d44d1ef8520af2d3e8fe05a1e9191da31c96716f08b60e18a5f9b23c51,2026-08-12T05:48:03+00:00,2026-08-12T05:48:33+00:00,0,normal,raw_v1_20260812_054207,normal,497,9,2,27.0,0.05443548387096774,0.0,1.0,0.0,7.10961167002012,3,0.006036217303822937,3,0.006036217303822937,0,0.0,0,16,0.03219315895372234,0,0.0,0,0.0,0,0.9417808219178082,1
d3ee181e9089cb4d,6,b478ac99dd0ce00200d46f877a548aeb082634ac1fde71d074629386713108a4,2026-08-12T05:51:03+00:00,2026-08-12T05:51:33+00:00,0,normal,raw_v1_20260812_054207,normal,572,10,2,29.0,0.050788091068301226,0.0,1.0,0.0,8.042919580419579,8,0.013986013986013986,5,0.008741258741258742,3,0.005244755244755245,3,17,0.02972027972027972,0,0.0,0,0.0,0,0.903114186851211,1
3ca93a0557c81d09,-1,anonymous,2026-08-12T05:44:33+00:00,2026-08-12T05:45:03+00:00,0,normal,unknown_run,normal,1,1,1,0.0,0.0,0.0,0.0,0.0,1.079,0,0.0,0,0.0,0,0.0,0,0,0.0,0,0.0,0,0.0,0,0.0,0
3aa53c7171c165ed,4,9b2e94d44d1ef8520af2d3e8fe05a1e9191da31c96716f08b60e18a5f9b23c51,2026-08-12T05:48:19+00:00,2026-08-12T05:48:49+00:00,0,normal,raw_v1_20260812_054207,normal,209,9,2,11.0,0.052884615384615384,0.0,1.0,0.0,7.088574162679427,1,0.004784688995215311,1,0.004784688995215311,0,0.0,0,16,0.07655502392344497,0,0.0,0,0.0,0,0.9435483870967742,1
36fe896e828754ee,3,ea237752f73623591adc1111f6d71b8412fba4c49fadf45201a95ea6fec53e95,2026-08-12T05:45:49+00:00,2026-08-12T05:46:19+00:00,0,normal,raw_v1_20260812_054207,normal,534,10,2,29.0,0.054409005628517824,0.0,1.0,0.0,8.195370786516854,9,0.016853932584269662,7,0.013108614232209739,2,0.003745318352059925,2,19,0.035580524344569285,0,0.0,0,0.0,0,0.9080882352941176,1
aa15495c0fddb4c5,1,50aad02d8baf4da68ec29e8f1f10278198bbc5d968d13ced75986679b339a490,2026-08-12T05:45:21+00:00,2026-08-12T05:45:51+00:00,0,normal,unknown_run,normal,2,2,1,0.0,0.0,0.0,1.0,0.0,10.139,1,0.5,0,0.0,0,0.0,0,0,0.0,0,0.0,0,0.0,0,0.0,1
532b6173183535f1,6,b478ac99dd0ce00200d46f877a548aeb082634ac1fde71d074629386713108a4,2026-08-12T05:52:15+00:00,2026-08-12T05:52:45+00:00,0,normal,raw_v1_20260812_054207,normal,270,9,2,16.0,0.05947955390334572,0.0,1.0,0.0,12.239588888888887,7,0.025925925925925925,7,0.025925925925925925,0,0.0,0,12,0.044444444444444446,0,0.0,0,0.0,0,0.8787878787878788,2
b471cf0d29e0e6b2,-1,anonymous,2026-08-12T05:52:17+00:00,2026-08-12T05:52:47+00:00,0,normal,unknown_run,normal,5,1,1,14.0,3.5,2.0,0.0,0.0,1.4434,0,0.0,0,0.0,0,0.0,0,0,0.0,0,0.0,0,0.0,0,0.0,0
995b8f5cf3932ec1,2,29d88ae6a299305f8047c62b16bd2011036839d5b04eca30b87aa0e58f9e8813,2026-08-12T05:44:19+00:00,2026-08-12T05:44:49+00:00,0,normal,raw_v1_20260812_054207,normal,244,10,2,14.0,0.05761316872427984,0.0,1.0,0.0,7.983553278688525,3,0.012295081967213115,2,0.00819672131147541,1,0.004098360655737705,1,13,0.05327868852459016,0,0.0,0,0.0,0,0.8857142857142857,1
4ba9094b88d677b8,4,9b2e94d44d1ef8520af2d3e8fe05a1e9191da31c96716f08b60e18a5f9b23c51,2026-08-12T05:47:55+00:00,2026-08-12T05:48:25+00:00,0,normal,raw_v1_20260812_054207,normal,541,9,2,29.0,0.053703703703703705,0.0,1.0,0.0,7.093462107208873,3,0.005545286506469501,3,0.005545286506469501,0,0.0,0,16,0.029574861367837338,0,0.0,0,0.0,0,0.9323076923076923,1
695d286cc4b7739d,6,b478ac99dd0ce00200d46f877a548aeb082634ac1fde71d074629386713108a4,2026-08-12T05:51:43+00:00,2026-08-12T05:52:13+00:00,0,normal,raw_v1_20260812_054207,normal,513,9,2,29.0,0.056640625,0.0,1.0,0.0,10.44071150097466,2,0.003898635477582846,0,0.0,2,0.003898635477582846,2,14,0.02729044834307992,0,0.0,0,0.0,0,0.9166666666666666,1
e16baa507f1804a6,6,b478ac99dd0ce00200d46f877a548aeb082634ac1fde71d074629386713108a4,2026-08-12T05:50:31+00:00,2026-08-12T05:51:01+00:00,0,normal,raw_v1_20260812_054207,normal,547,10,2,29.0,0.05311355311355311,0.0,1.0,0.0,6.988758683729434,4,0.007312614259597806,3,0.005484460694698354,1,0.0018281535648994515,1,18,0.03290676416819013,0,0.0,0,0.0,0,0.9393939393939394,1
9f2b0af2cbf24f6d,-1,anonymous,2026-08-12T05:44:25+00:00,2026-08-12T05:44:55+00:00,0,normal,unknown_run,normal,1,1,1,0.0,0.0,0.0,0.0,0.0,1.079,0,0.0,0,0.0,0,0.0,0,0,0.0,0,0.0,0,0.0,0,0.0,0
8a49b19b7f201a9c,5,22658b822da6f21ec09fd1ad6b5d75261f4531a860caa308f270460116b0eba2,2026-08-12T05:49:54+00:00,2026-08-12T05:50:24+00:00,0,normal,raw_v1_20260812_054207,normal,524,10,2,29.0,0.055449330783938815,0.0,1.0,0.0,8.091335877862594,7,0.013358778625954198,5,0.009541984732824428,2,0.003816793893129771,2,17,0.03244274809160305,0,0.0,0,0.0,0,0.9423076923076923,1
cfa9e3f7b60f5f6d,3,ea237752f73623591adc1111f6d71b8412fba4c49fadf45201a95ea6fec53e95,2026-08-12T05:45:53+00:00,2026-08-12T05:46:23+00:00,0,normal,raw_v1_20260812_054207,normal,536,10,2,29.0,0.05420560747663551,0.0,1.0,0.0,8.234375,9,0.016791044776119403,7,0.013059701492537313,2,0.0037313432835820895,2,19,0.03544776119402985,0,0.0,0,0.0,0,0.9154411764705882,1
8d5887ee2a57b173,2,29d88ae6a299305f8047c62b16bd2011036839d5b04eca30b87aa0e58f9e8813,2026-08-12T05:42:47+00:00,2026-08-12T05:43:17+00:00,0,normal,raw_v1_20260812_054207,normal,337,6,2,29.0,0.08630952380952381,0.0,1.0,0.0,15.930071216617211,0,0.0,0,0.0,0,0.0,0,16,0.04747774480712166,0,0.0,0,0.0,0,0.8842975206611571,0
18f7e8fe5bcb7a90,6,b478ac99dd0ce00200d46f877a548aeb082634ac1fde71d074629386713108a4,2026-08-12T05:51:29+00:00,2026-08-12T05:51:59+00:00,0,normal,raw_v1_20260812_054207,normal,520,10,2,29.0,0.055876685934489405,0.0,1.0,0.0,10.058225,4,0.007692307692307693,2,0.0038461538461538464,2,0.0038461538461538464,2,14,0.026923076923076925,0,0.0,0,0.0,0,0.9071428571428571,1
f8217aa7251f0ed7,3,ea237752f73623591adc1111f6d71b8412fba4c49fadf45201a95ea6fec53e95,2026-08-12T05:46:33+00:00,2026-08-12T05:47:03+00:00,0,normal,raw_v1_20260812_054207,normal,48,6,2,2.0,0.0425531914893617,0.0,1.0,0.0,8.059229166666666,0,0.0,0,0.0,0,0.0,0,12,0.25,0,0.0,0,0.0,0,0.8260869565217391,0
8e7012ff5f337360,-1,anonymous,2026-08-12T05:52:09+00:00,2026-08-12T05:52:39+00:00,0,normal,unknown_run,normal,2,1,1,3.0,3.0,3.0,0.0,0.0,1.7225000000000001,0,0.0,0,0.0,0,0.0,0,0,0.0,0,0.0,0,0.0,0,0.0,0
8cead22b0a11618c,-1,anonymous,2026-08-12T05:48:03+00:00,2026-08-12T05:48:33+00:00,0,normal,unknown_run,normal,1,1,1,0.0,0.0,0.0,0.0,0.0,0.908,0,0.0,0,0.0,0,0.0,0,0,0.0,0,0.0,0,0.0,0,0.0,0
63b6a885498cda09,3,ea237752f73623591adc1111f6d71b8412fba4c49fadf45201a95ea6fec53e95,2026-08-12T05:45:11+00:00,2026-08-12T05:45:41+00:00,0,normal,raw_v1_20260812_054207,normal,541,9,2,29.0,0.053703703703703705,0.0,1.0,0.0,7.579855822550832,5,0.009242144177449169,5,0.009242144177449169,0,0.0,0,19,0.03512014787430684,0,0.0,0,0.0,0,0.916058394160584,1
978eb02ddc78b547,6,b478ac99dd0ce00200d46f877a548aeb082634ac1fde71d074629386713108a4,2026-08-12T05:51:25+00:00,2026-08-12T05:51:55+00:00,0,normal,raw_v1_20260812_054207,normal,529,10,2,29.0,0.054924242424242424,0.0,1.0,0.0,9.91952741020794,7,0.013232514177693762,5,0.00945179584120983,2,0.003780718336483932,2,14,0.026465028355387523,0,0.0,0,0.0,0,0.9111111111111111,1
841a296c0e24a277,4,9b2e94d44d1ef8520af2d3e8fe05a1e9191da31c96716f08b60e18a5f9b23c51,2026-08-12T05:47:47+00:00,2026-08-12T05:48:17+00:00,0,normal,raw_v1_20260812_054207,normal,546,9,2,29.0,0.05321100917431193,0.0,1.0,0.0,7.206076923076923,1,0.0018315018315018315,1,0.0018315018315018315,0,0.0,0,16,0.029304029304029304,0,0.0,0,0.0,0,0.9313432835820895,1
bcff6050e16f11cc,4,9b2e94d44d1ef8520af2d3e8fe05a1e9191da31c96716f08b60e18a5f9b23c51,2026-08-12T05:47:09+00:00,2026-08-12T05:47:39+00:00,0,normal,raw_v1_20260812_054207,normal,548,10,2,29.0,0.05301645338208409,0.0,1.0,0.0,6.575520072992701,4,0.0072992700729927005,3,0.005474452554744526,1,0.0018248175182481751,1,17,0.03102189781021898,0,0.0,0,0.0,0,0.9576271186440678,1
b8b7aea79422d4d8,-1,anonymous,2026-08-12T05:50:27+00:00,2026-08-12T05:50:57+00:00,0,normal,unknown_run,normal,1,1,1,0.0,0.0,0.0,0.0,0.0,1.235,0,0.0,0,0.0,0,0.0,0,0,0.0,0,0.0,0,0.0,0,0.0,0
8df4bcffe4e46464,5,22658b822da6f21ec09fd1ad6b5d75261f4531a860caa308f270460116b0eba2,2026-08-12T05:48:32+00:00,2026-08-12T05:49:02+00:00,0,normal,raw_v1_20260812_054207,normal,528,9,2,29.0,0.05502846299810247,0.0,1.0,0.0,7.159051136363636,2,0.003787878787878788,2,0.003787878787878788,0,0.0,0,19,0.03598484848484849,0,0.0,0,0.0,0,0.9203980099502488,1
072a7b123994e2ce,6,b478ac99dd0ce00200d46f877a548aeb082634ac1fde71d074629386713108a4,2026-08-12T05:52:17+00:00,2026-08-12T05:52:47+00:00,0,normal,raw_v1_20260812_054207,normal,236,9,2,14.0,0.059574468085106386,0.0,1.0,0.0,11.811894067796612,6,0.025423728813559324,6,0.025423728813559324,0,0.0,0,12,0.05084745762711865,0,0.0,0,0.0,0,0.8695652173913043,2
375521628a67cb51,2,29d88ae6a299305f8047c62b16bd2011036839d5b04eca30b87aa0e58f9e8813,2026-08-12T05:44:33+00:00,2026-08-12T05:45:03+00:00,0,normal,raw_v1_20260812_054207,normal,3,3,1,0.0,0.0,0.0,1.0,0.0,7.5440000000000005,0,0.0,0,0.0,0,0.0,0,2,0.6666666666666666,0,0.0,0,0.0,0,1.0,0
45ad48e8e505caac,3,ea237752f73623591adc1111f6d71b8412fba4c49fadf45201a95ea6fec53e95,2026-08-12T05:45:57+00:00,2026-08-12T05:46:27+00:00,0,normal,raw_v1_20260812_054207,normal,528,10,2,29.0,0.05502846299810247,0.0,1.0,0.0,8.279446969696972,7,0.013257575757575758,6,0.011363636363636364,1,0.001893939393939394,1,18,0.03409090909090909,0,0.0,0,0.0,0,0.895910780669145,1
66b69d4998e69500,4,9b2e94d44d1ef8520af2d3e8fe05a1e9191da31c96716f08b60e18a5f9b23c51,2026-08-12T05:47:23+00:00,2026-08-12T05:47:53+00:00,0,normal,raw_v1_20260812_054207,normal,545,10,2,29.0,0.05330882352941176,0.0,1.0,0.0,6.967466055045872,3,0.005504587155963303,2,0.003669724770642202,1,0.001834862385321101,1,17,0.031192660550458717,0,0.0,0,0.0,0,0.9484240687679083,1
e6993d86e080ab8c,3,ea237752f73623591adc1111f6d71b8412fba4c49fadf45201a95ea6fec53e95,2026-08-12T05:44:45+00:00,2026-08-12T05:45:15+00:00,0,normal,raw_v1_20260812_054207,normal,545,9,2,29.0,0.05330882352941176,0.0,1.0,0.0,6.9121614678899075,4,0.007339449541284404,4,0.007339449541284404,0,0.0,0,19,0.03486238532110092,0,0.0,0,0.0,0,0.9172413793103448,1
1c03910435d9ef69,2,29d88ae6a299305f8047c62b16bd2011036839d5b04eca30b87aa0e58f9e8813,2026-08-12T05:44:21+00:00,2026-08-12T05:44:51+00:00,0,normal,raw_v1_20260812_054207,normal,210,10,2,12.0,0.05741626794258373,0.0,1.0,0.0,8.00124761904762,3,0.014285714285714285,2,0.009523809523809525,1,0.004761904761904762,1,13,0.06190476190476191,0,0.0,0,0.0,0,0.8817204301075269,1
c5dd732584976f33,6,b478ac99dd0ce00200d46f877a548aeb082634ac1fde71d074629386713108a4,2026-08-12T05:51:45+00:00,2026-08-12T05:52:15+00:00,0,normal,raw_v1_20260812_054207,normal,518,9,2,29.0,0.05609284332688588,0.0,1.0,0.0,10.51764478764479,1,0.0019305019305019305,0,0.0,1,0.0019305019305019305,1,13,0.025096525096525095,0,0.0,0,0.0,0,0.9213483146067416,1
0c49f2b9746765e7,3,ea237752f73623591adc1111f6d71b8412fba4c49fadf45201a95ea6fec53e95,2026-08-12T05:45:55+00:00,2026-08-12T05:46:25+00:00,0,normal,raw_v1_20260812_054207,normal,532,10,2,29.0,0.054613935969868174,0.0,1.0,0.0,8.27821992481203,9,0.016917293233082706,7,0.013157894736842105,2,0.0037593984962406013,2,19,0.03571428571428571,0,0.0,0,0.0,0,0.9060150375939849,1
af939501b091de69,2,29d88ae6a299305f8047c62b16bd2011036839d5b04eca30b87aa0e58f9e8813,2026-08-12T05:42:57+00:00,2026-08-12T05:43:27+00:00,0,normal,raw_v1_20260812_054207,normal,397,8,2,29.0,0.07323232323232323,0.0,1.0,0.0,13.436204030226701,3,0.007556675062972292,1,0.0025188916876574307,2,0.005037783375314861,2,16,0.04030226700251889,0,0.0,0,0.0,0,0.8955223880597015,1
92ab1a5ff91de644,6,b478ac99dd0ce00200d46f877a548aeb082634ac1fde71d074629386713108a4,2026-08-12T05:51:57+00:00,2026-08-12T05:52:27+00:00,0,normal,raw_v1_20260812_054207,normal,510,9,2,29.0,0.05697445972495088,0.0,1.0,0.0,11.188723529411764,6,0.011764705882352941,6,0.011764705882352941,0,0.0,0,12,0.023529411764705882,0,0.0,0,0.0,0,0.9123505976095617,2
00e237fb518e127d,5,22658b822da6f21ec09fd1ad6b5d75261f4531a860caa308f270460116b0eba2,2026-08-12T05:49:14+00:00,2026-08-12T05:49:44+00:00,0,normal,raw_v1_20260812_054207,normal,528,10,2,29.0,0.05502846299810247,0.0,1.0,0.0,7.539128787878788,4,0.007575757575757576,3,0.005681818181818182,1,0.001893939393939394,1,18,0.03409090909090909,0,0.0,0,0.0,0,0.9237668161434978,1
2cf1fe4444a89190,2,29d88ae6a299305f8047c62b16bd2011036839d5b04eca30b87aa0e58f9e8813,2026-08-12T05:43:53+00:00,2026-08-12T05:44:23+00:00,0,normal,raw_v1_20260812_054207,normal,538,10,2,29.0,0.054003724394785846,0.0,1.0,0.0,7.868524163568773,4,0.007434944237918215,3,0.0055762081784386614,1,0.0018587360594795538,1,13,0.024163568773234202,0,0.0,0,0.0,0,0.9078947368421053,1
908e6ec2051a0930,-1,anonymous,2026-08-12T05:52:29+00:00,2026-08-12T05:52:59+00:00,0,normal,unknown_run,normal,7,1,1,20.0,3.3333333333333335,2.0,0.0,0.0,1.3997142857142857,0,0.0,0,0.0,0,0.0,0,0,0.0,0,0.0,0,0.0,0,0.0,0
48a93f8356899d73,4,9b2e94d44d1ef8520af2d3e8fe05a1e9191da31c96716f08b60e18a5f9b23c51,2026-08-12T05:47:51+00:00,2026-08-12T05:48:21+00:00,0,normal,raw_v1_20260812_054207,normal,541,9,2,29.0,0.053703703703703705,0.0,1.0,0.0,7.28186876155268,2,0.0036968576709796672,2,0.0036968576709796672,0,0.0,0,16,0.029574861367837338,0,0.0,0,0.0,0,0.9333333333333333,1
5c6f00e70d1e608d,6,b478ac99dd0ce00200d46f877a548aeb082634ac1fde71d074629386713108a4,2026-08-12T05:52:19+00:00,2026-08-12T05:52:49+00:00,0,normal,raw_v1_20260812_054207,normal,203,9,2,12.0,0.0594059405940594,0.0,1.0,0.0,11.663073891625617,4,0.019704433497536946,4,0.019704433497536946,0,0.0,0,12,0.059113300492610835,0,0.0,0,0.0,0,0.86,1
30d147e75748a685,-1,anonymous,2026-08-12T05:52:37+00:00,2026-08-12T05:53:07+00:00,0,normal,unknown_run,normal,5,1,1,13.0,3.25,2.0,0.0,0.0,1.2706,0,0.0,0,0.0,0,0.0,0,0,0.0,0,0.0,0,0.0,0,0.0,0
8414cc87734009de,3,ea237752f73623591adc1111f6d71b8412fba4c49fadf45201a95ea6fec53e95,2026-08-12T05:45:43+00:00,2026-08-12T05:46:13+00:00,0,normal,raw_v1_20260812_054207,normal,533,10,2,29.0,0.05451127819548872,0.0,1.0,0.0,8.339401500938086,8,0.0150093808630394,6,0.01125703564727955,2,0.00375234521575985,2,19,0.03564727954971857,0,0.0,0,0.0,0,0.917910447761194,1
8b677e202e786588,6,b478ac99dd0ce00200d46f877a548aeb082634ac1fde71d074629386713108a4,2026-08-12T05:50:37+00:00,2026-08-12T05:51:07+00:00,0,normal,raw_v1_20260812_054207,normal,554,10,2,29.0,0.05244122965641953,0.0,1.0,0.0,7.3288790613718415,6,0.010830324909747292,4,0.007220216606498195,2,0.0036101083032490976,2,18,0.032490974729241874,0,0.0,0,0.0,0,0.9303135888501742,1
9710081ec516fcb0,3,ea237752f73623591adc1111f6d71b8412fba4c49fadf45201a95ea6fec53e95,2026-08-12T05:44:35+00:00,2026-08-12T05:45:05+00:00,0,normal,raw_v1_20260812_054207,normal,540,9,2,29.0,0.05380333951762523,0.0,1.0,0.0,6.908316666666667,5,0.009259259259259259,5,0.009259259259259259,0,0.0,0,19,0.03518518518518519,0,0.0,0,0.0,0,0.9491525423728814,1
06b7df806932fbab,4,9b2e94d44d1ef8520af2d3e8fe05a1e9191da31c96716f08b60e18a5f9b23c51,2026-08-12T05:47:53+00:00,2026-08-12T05:48:23+00:00,0,normal,raw_v1_20260812_054207,normal,546,9,2,29.0,0.05321100917431193,0.0,1.0,0.0,7.145901098901098,2,0.003663003663003663,2,0.003663003663003663,0,0.0,0,16,0.029304029304029304,0,0.0,0,0.0,0,0.9369369369369369,1
50f54ebd03e8d2fe,2,29d88ae6a299305f8047c62b16bd2011036839d5b04eca30b87aa0e58f9e8813,2026-08-12T05:42:19+00:00,2026-08-12T05:42:49+00:00,0,normal,raw_v1_20260812_054207,normal,361,9,2,29.0,0.08055555555555556,0.0,1.0,0.0,14.798770083102493,2,0.00554016620498615,2,0.00554016620498615,0,0.0,0,16,0.0443213296398892,0,0.0,0,0.0,0,0.9197530864197531,1
f6a2fadc9c84070e,-1,anonymous,2026-08-12T05:48:13+00:00,2026-08-12T05:48:43+00:00,0,normal,unknown_run,normal,1,1,1,0.0,0.0,0.0,0.0,0.0,0.908,0,0.0,0,0.0,0,0.0,0,0,0.0,0,0.0,0,0.0,0,0.0,0
c4c1a7cbac9d1aef,6,b478ac99dd0ce00200d46f877a548aeb082634ac1fde71d074629386713108a4,2026-08-12T05:51:53+00:00,2026-08-12T05:52:23+00:00,0,normal,raw_v1_20260812_054207,normal,511,9,2,29.0,0.056862745098039215,0.0,1.0,0.0,11.010426614481409,5,0.009784735812133072,5,0.009784735812133072,0,0.0,0,12,0.023483365949119372,0,0.0,0,0.0,0,0.9239543726235742,2
df47c1f75dd8ea9b,2,29d88ae6a299305f8047c62b16bd2011036839d5b04eca30b87aa0e58f9e8813,2026-08-12T05:42:21+00:00,2026-08-12T05:42:51+00:00,0,normal,raw_v1_20260812_054207,normal,360,9,2,29.0,0.0807799442896936,0.0,1.0,0.0,14.710525000000002,1,0.002777777777777778,1,0.002777777777777778,0,0.0,0,16,0.044444444444444446,0,0.0,0,0.0,0,0.927710843373494,1
ea7f2797f988798d,1,50aad02d8baf4da68ec29e8f1f10278198bbc5d968d13ced75986679b339a490,2026-08-12T05:48:13+00:00,2026-08-12T05:48:43+00:00,0,normal,unknown_run,normal,2,2,1,0.0,0.0,0.0,1.0,0.0,8.032,1,0.5,0,0.0,0,0.0,0,0,0.0,0,0.0,0,0.0,0,0.0,1
b7c6023b405bee92,-1,anonymous,2026-08-12T05:48:11+00:00,2026-08-12T05:48:41+00:00,0,normal,unknown_run,normal,1,1,1,0.0,0.0,0.0,0.0,0.0,0.908,0,0.0,0,0.0,0,0.0,0,0,0.0,0,0.0,0,0.0,0,0.0,0
227ed9d2a2433669,-1,anonymous,2026-08-12T05:48:25+00:00,2026-08-12T05:48:55+00:00,0,normal,unknown_run,normal,1,1,1,0.0,0.0,0.0,0.0,0.0,0.908,0,0.0,0,0.0,0,0.0,0,0,0.0,0,0.0,0,0.0,0,0.0,0
fa8d1f40331815fa,2,29d88ae6a299305f8047c62b16bd2011036839d5b04eca30b87aa0e58f9e8813,2026-08-12T05:42:25+00:00,2026-08-12T05:42:55+00:00,0,normal,raw_v1_20260812_054207,normal,356,9,2,29.0,0.08169014084507042,0.0,1.0,0.0,15.425019662921347,1,0.0028089887640449437,1,0.0028089887640449437,0,0.0,0,16,0.0449438202247191,0,0.0,0,0.0,0,0.9329268292682927,1
fc5fabf5a99ed123,-1,anonymous,2026-08-12T05:50:05+00:00,2026-08-12T05:50:35+00:00,0,normal,unknown_run,normal,1,1,1,0.0,0.0,0.0,0.0,0.0,1.235,0,0.0,0,0.0,0,0.0,0,0,0.0,0,0.0,0,0.0,0,0.0,0
93857d5f6ba49716,5,22658b822da6f21ec09fd1ad6b5d75261f4531a860caa308f270460116b0eba2,2026-08-12T05:49:30+00:00,2026-08-12T05:50:00+00:00,0,normal,raw_v1_20260812_054207,normal,521,9,2,29.0,0.05576923076923077,0.0,1.0,0.0,7.807608445297505,3,0.005758157389635317,3,0.005758157389635317,0,0.0,0,17,0.03262955854126679,0,0.0,0,0.0,0,0.9146919431279621,1
2dc7aad3a2fe0e23,-1,anonymous,2026-08-12T05:46:11+00:00,2026-08-12T05:46:41+00:00,0,normal,unknown_run,normal,1,1,1,0.0,0.0,0.0,0.0,0.0,1.507,0,0.0,0,0.0,0,0.0,0,0,0.0,0,0.0,0,0.0,0,0.0,0
f1439879c6e9f0e0,-1,anonymous,2026-08-12T05:46:07+00:00,2026-08-12T05:46:37+00:00,0,normal,unknown_run,normal,1,1,1,0.0,0.0,0.0,0.0,0.0,1.507,0,0.0,0,0.0,0,0.0,0,0,0.0,0,0.0,0,0.0,0,0.0,0
9006f5b061a83840,4,9b2e94d44d1ef8520af2d3e8fe05a1e9191da31c96716f08b60e18a5f9b23c51,2026-08-12T05:48:05+00:00,2026-08-12T05:48:35+00:00,0,normal,raw_v1_20260812_054207,normal,456,9,2,25.0,0.054945054945054944,0.0,1.0,0.0,7.14039254385965,3,0.006578947368421052,3,0.006578947368421052,0,0.0,0,16,0.03508771929824561,0,0.0,0,0.0,0,0.9438202247191011,1
90901406196129a3,5,22658b822da6f21ec09fd1ad6b5d75261f4531a860caa308f270460116b0eba2,2026-08-12T05:48:46+00:00,2026-08-12T05:49:16+00:00,0,normal,raw_v1_20260812_054207,normal,528,10,2,29.0,0.05502846299810247,0.0,1.0,0.0,7.430206439393939,6,0.011363636363636364,5,0.00946969696969697,1,0.001893939393939394,1,19,0.03598484848484849,0,0.0,0,0.0,0,0.9095238095238095,1
0d40151d17a8ec58,6,b478ac99dd0ce00200d46f877a548aeb082634ac1fde71d074629386713108a4,2026-08-12T05:52:13+00:00,2026-08-12T05:52:43+00:00,0,normal,raw_v1_20260812_054207,normal,306,9,2,18.0,0.05901639344262295,0.0,1.0,0.0,12.04432679738562,7,0.02287581699346405,7,0.02287581699346405,0,0.0,0,12,0.0392156862745098,0,0.0,0,0.0,0,0.8846153846153846,2
20366491256b7f62,4,9b2e94d44d1ef8520af2d3e8fe05a1e9191da31c96716f08b60e18a5f9b23c51,2026-08-12T05:47:35+00:00,2026-08-12T05:48:05+00:00,0,normal,raw_v1_20260812_054207,normal,554,9,2,29.0,0.05244122965641953,0.0,1.0,0.0,6.949518050541516,1,0.0018050541516245488,1,0.0018050541516245488,0,0.0,0,16,0.02888086642599278,0,0.0,0,0.0,0,0.9228571428571428,1
281de3848d3f61f4,2,29d88ae6a299305f8047c62b16bd2011036839d5b04eca30b87aa0e58f9e8813,2026-08-12T05:42:39+00:00,2026-08-12T05:43:09+00:00,0,normal,raw_v1_20260812_054207,normal,345,8,2,29.0,0.08430232558139535,0.0,1.0,0.0,15.461463768115943,0,0.0,0,0.0,0,0.0,0,16,0.0463768115942029,0,0.0,0,0.0,0,0.9015151515151515,0
8469baf1a0b5fc61,3,ea237752f73623591adc1111f6d71b8412fba4c49fadf45201a95ea6fec53e95,2026-08-12T05:46:01+00:00,2026-08-12T05:46:31+00:00,0,normal,raw_v1_20260812_054207,normal,529,9,2,29.0,0.054924242424242424,0.0,1.0,0.0,8.560852551984878,8,0.015122873345935728,8,0.015122873345935728,0,0.0,0,17,0.03213610586011342,0,0.0,0,0.0,0,0.9125475285171103,1
fee58404b5b6ad4b,-1,anonymous,2026-08-12T05:50:01+00:00,2026-08-12T05:50:31+00:00,0,normal,unknown_run,normal,1,1,1,0.0,0.0,0.0,0.0,0.0,1.235,0,0.0,0,0.0,0,0.0,0,0,0.0,0,0.0,0,0.0,0,0.0,0
b20ab74d81587c77,6,b478ac99dd0ce00200d46f877a548aeb082634ac1fde71d074629386713108a4,2026-08-12T05:50:29+00:00,2026-08-12T05:50:59+00:00,0,normal,unknown_run,normal,531,12,2,29.0,0.05471698113207547,0.0,1.0,0.0,7.056382297551789,5,0.009416195856873822,4,0.007532956685499058,1,0.0018832391713747645,1,18,0.03389830508474576,0,0.0,0,0.0,0,0.9403508771929825,1
d2fe54a786c5b463,6,b478ac99dd0ce00200d46f877a548aeb082634ac1fde71d074629386713108a4,2026-08-12T05:52:01+00:00,2026-08-12T05:52:31+00:00,0,normal,raw_v1_20260812_054207,normal,506,9,2,29.0,0.05742574257425743,0.0,1.0,0.0,11.379837944664033,7,0.01383399209486166,7,0.01383399209486166,0,0.0,0,12,0.023715415019762844,0,0.0,0,0.0,0,0.8968253968253969,2
54b714aebd9a9afb,4,9b2e94d44d1ef8520af2d3e8fe05a1e9191da31c96716f08b60e18a5f9b23c51,2026-08-12T05:48:17+00:00,2026-08-12T05:48:47+00:00,0,normal,raw_v1_20260812_054207,normal,245,9,2,13.0,0.05327868852459016,0.0,1.0,0.0,7.1096408163265306,2,0.00816326530612245,2,0.00816326530612245,0,0.0,0,16,0.0653061224489796,0,0.0,0,0.0,0,0.951048951048951,1
e3853839a98d0e43,3,ea237752f73623591adc1111f6d71b8412fba4c49fadf45201a95ea6fec53e95,2026-08-12T05:46:21+00:00,2026-08-12T05:46:51+00:00,0,normal,raw_v1_20260812_054207,normal,260,9,2,14.0,0.05405405405405406,0.0,1.0,0.0,8.584080769230768,4,0.015384615384615385,4,0.015384615384615385,0,0.0,0,17,0.06538461538461539,0,0.0,0,0.0,0,0.8951612903225806,1
6f4194a1190c56d3,1,50aad02d8baf4da68ec29e8f1f10278198bbc5d968d13ced75986679b339a490,2026-08-12T05:45:19+00:00,2026-08-12T05:45:49+00:00,0,normal,unknown_run,normal,2,2,1,0.0,0.0,0.0,1.0,0.0,10.139,1,0.5,0,0.0,0,0.0,0,0,0.0,0,0.0,0,0.0,0,0.0,1
c31a0ba0b4064ff6,4,9b2e94d44d1ef8520af2d3e8fe05a1e9191da31c96716f08b60e18a5f9b23c51,2026-08-12T05:48:11+00:00,2026-08-12T05:48:41+00:00,0,normal,raw_v1_20260812_054207,normal,352,9,2,19.0,0.05413105413105413,0.0,1.0,0.0,7.135928977272727,2,0.005681818181818182,2,0.005681818181818182,0,0.0,0,16,0.045454545454545456,0,0.0,0,0.0,0,0.9463414634146341,1
889c0ce7b9761270,3,ea237752f73623591adc1111f6d71b8412fba4c49fadf45201a95ea6fec53e95,2026-08-12T05:45:37+00:00,2026-08-12T05:46:07+00:00,0,normal,raw_v1_20260812_054207,normal,527,10,2,29.0,0.055133079847908745,0.0,1.0,0.0,8.30493927893738,6,0.011385199240986717,4,0.007590132827324478,2,0.003795066413662239,2,19,0.036053130929791274,0,0.0,0,0.0,0,0.9250936329588015,1
6054d4c058bb84ec,6,b478ac99dd0ce00200d46f877a548aeb082634ac1fde71d074629386713108a4,2026-08-12T05:52:03+00:00,2026-08-12T05:52:33+00:00,0,normal,raw_v1_20260812_054207,normal,475,9,2,28.0,0.05907172995780591,0.0,1.0,0.0,11.508271578947369,7,0.014736842105263158,7,0.014736842105263158,0,0.0,0,12,0.02526315789473684,0,0.0,0,0.0,0,0.907563025210084,2
f1aab8c0c4b0f195,2,29d88ae6a299305f8047c62b16bd2011036839d5b04eca30b87aa0e58f9e8813,2026-08-12T05:44:23+00:00,2026-08-12T05:44:53+00:00,0,normal,raw_v1_20260812_054207,normal,175,9,2,10.0,0.05747126436781609,0.0,1.0,0.0,7.935679999999998,1,0.005714285714285714,1,0.005714285714285714,0,0.0,0,12,0.06857142857142857,0,0.0,0,0.0,0,0.8658536585365854,1
cb4f28196ad6552f,5,22658b822da6f21ec09fd1ad6b5d75261f4531a860caa308f270460116b0eba2,2026-08-12T05:49:20+00:00,2026-08-12T05:49:50+00:00,0,normal,raw_v1_20260812_054207,normal,533,10,2,29.0,0.05451127819548872,0.0,1.0,0.0,7.610512195121951,5,0.009380863039399626,4,0.0075046904315197,1,0.001876172607879925,1,18,0.03377110694183865,0,0.0,0,0.0,0,0.9136363636363637,1
e607d7459b4a701a,5,22658b822da6f21ec09fd1ad6b5d75261f4531a860caa308f270460116b0eba2,2026-08-12T05:50:02+00:00,2026-08-12T05:50:32+00:00,0,normal,raw_v1_20260812_054207,normal,490,10,2,27.0,0.05521472392638037,0.0,1.0,0.0,8.117420408163266,6,0.012244897959183673,4,0.00816326530612245,2,0.004081632653061225,2,17,0.03469387755102041,0,0.0,0,0.0,0,0.9343434343434344,1
2057cd442cc02ee1,4,9b2e94d44d1ef8520af2d3e8fe05a1e9191da31c96716f08b60e18a5f9b23c51,2026-08-12T05:47:01+00:00,2026-08-12T05:47:31+00:00,0,normal,raw_v1_20260812_054207,normal,543,10,2,29.0,0.05350553505535055,0.0,1.0,0.0,6.680817679558011,4,0.007366482504604052,3,0.0055248618784530384,1,0.001841620626151013,1,18,0.03314917127071823,0,0.0,0,0.0,0,0.9337349397590361,1
90aae49df5dc50d2,-1,anonymous,2026-08-12T05:52:27+00:00,2026-08-12T05:52:57+00:00,0,normal,unknown_run,normal,7,1,1,20.0,3.3333333333333335,2.0,0.0,0.0,1.3997142857142857,0,0.0,0,0.0,0,0.0,0,0,0.0,0,0.0,0,0.0,0,0.0,0
e2033fd9761456c8,4,9b2e94d44d1ef8520af2d3e8fe05a1e9191da31c96716f08b60e18a5f9b23c51,2026-08-12T05:47:43+00:00,2026-08-12T05:48:13+00:00,0,normal,raw_v1_20260812_054207,normal,550,9,2,29.0,0.052823315118397086,0.0,1.0,0.0,7.131447272727272,1,0.0018181818181818182,1,0.0018181818181818182,0,0.0,0,16,0.02909090909090909,0,0.0,0,0.0,0,0.9223880597014925,1
c10be559b5e356d3,-1,anonymous,2026-08-12T05:46:35+00:00,2026-08-12T05:47:05+00:00,0,normal,unknown_run,normal,1,1,1,0.0,0.0,0.0,0.0,0.0,1.507,0,0.0,0,0.0,0,0.0,0,0,0.0,0,0.0,0,0.0,0,0.0,0
c2053fbe8da62835,-1,anonymous,2026-08-12T05:50:29+00:00,2026-08-12T05:50:59+00:00,0,normal,unknown_run,normal,1,1,1,0.0,0.0,0.0,0.0,0.0,1.235,0,0.0,0,0.0,0,0.0,0,0,0.0,0,0.0,0,0.0,0,0.0,0
c4bebcbb2510c710,2,29d88ae6a299305f8047c62b16bd2011036839d5b04eca30b87aa0e58f9e8813,2026-08-12T05:44:03+00:00,2026-08-12T05:44:33+00:00,0,normal,raw_v1_20260812_054207,normal,526,10,2,29.0,0.05523809523809524,0.0,1.0,0.0,8.001627376425855,4,0.0076045627376425855,3,0.005703422053231939,1,0.0019011406844106464,1,13,0.024714828897338403,0,0.0,0,0.0,0,0.915929203539823,1
04036087f5881459,4,9b2e94d44d1ef8520af2d3e8fe05a1e9191da31c96716f08b60e18a5f9b23c51,2026-08-12T05:47:03+00:00,2026-08-12T05:47:33+00:00,0,normal,raw_v1_20260812_054207,normal,549,10,2,29.0,0.05291970802919708,0.0,1.0,0.0,6.628998178506375,5,0.009107468123861567,3,0.00546448087431694,2,0.0036429872495446266,2,18,0.03278688524590164,0,0.0,0,0.0,0,0.9331395348837209,1
7f3bf17267a75d8b,-1,anonymous,2026-08-12T05:52:31+00:00,2026-08-12T05:53:01+00:00,0,normal,unknown_run,normal,7,1,1,20.0,3.3333333333333335,2.0,0.0,0.0,1.3997142857142857,0,0.0,0,0.0,0,0.0,0,0,0.0,0,0.0,0,0.0,0,0.0,0
319396ffe4a1451b,2,29d88ae6a299305f8047c62b16bd2011036839d5b04eca30b87aa0e58f9e8813,2026-08-12T05:43:43+00:00,2026-08-12T05:44:13+00:00,0,normal,raw_v1_20260812_054207,normal,538,10,2,29.0,0.054003724394785846,0.0,1.0,0.0,7.7167490706319715,4,0.007434944237918215,3,0.0055762081784386614,1,0.0018587360594795538,1,14,0.026022304832713755,0,0.0,0,0.0,0,0.9094827586206896,1
5ec6a15b7f972750,4,9b2e94d44d1ef8520af2d3e8fe05a1e9191da31c96716f08b60e18a5f9b23c51,2026-08-12T05:47:33+00:00,2026-08-12T05:48:03+00:00,0,normal,raw_v1_20260812_054207,normal,547,9,2,29.0,0.05311355311355311,0.0,1.0,0.0,6.930109689213895,1,0.0018281535648994515,1,0.0018281535648994515,0,0.0,0,16,0.029250457038391225,0,0.0,0,0.0,0,0.9281609195402298,1
5750d07eb3ab1974,-1,anonymous,2026-08-12T05:50:13+00:00,2026-08-12T05:50:43+00:00,0,normal,unknown_run,normal,1,1,1,0.0,0.0,0.0,0.0,0.0,1.235,0,0.0,0,0.0,0,0.0,0,0,0.0,0,0.0,0,0.0,0,0.0,0
4fdf7cedeec98a5d,3,ea237752f73623591adc1111f6d71b8412fba4c49fadf45201a95ea6fec53e95,2026-08-12T05:46:17+00:00,2026-08-12T05:46:47+00:00,0,normal,raw_v1_20260812_054207,normal,335,9,2,18.0,0.05389221556886228,0.0,1.0,0.0,8.585767164179105,6,0.01791044776119403,6,0.01791044776119403,0,0.0,0,17,0.050746268656716415,0,0.0,0,0.0,0,0.9030303030303031,1
59ee577b558e472d,-1,anonymous,2026-08-12T05:46:09+00:00,2026-08-12T05:46:39+00:00,0,normal,unknown_run,normal,1,1,1,0.0,0.0,0.0,0.0,0.0,1.507,0,0.0,0,0.0,0,0.0,0,0,0.0,0,0.0,0,0.0,0,0.0,0
3a977ab8d9cbc290,1,50aad02d8baf4da68ec29e8f1f10278198bbc5d968d13ced75986679b339a490,2026-08-12T05:43:23+00:00,2026-08-12T05:43:53+00:00,0,normal,unknown_run,normal,6,2,1,3.0,0.6,0.0,0.8,0.0,9.951166666666667,3,0.5,0,0.0,0,0.0,0,0,0.0,0,0.0,0,0.0,0,0.0,2
7635b6a2dcd7062f,-1,anonymous,2026-08-12T05:50:07+00:00,2026-08-12T05:50:37+00:00,0,normal,unknown_run,normal,1,1,1,0.0,0.0,0.0,0.0,0.0,1.235,0,0.0,0,0.0,0,0.0,0,0,0.0,0,0.0,0,0.0,0,0.0,0
f9a1a4f0ffcf8721,5,22658b822da6f21ec09fd1ad6b5d75261f4531a860caa308f270460116b0eba2,2026-08-12T05:50:12+00:00,2026-08-12T05:50:42+00:00,0,normal,raw_v1_20260812_054207,normal,317,10,2,17.0,0.05379746835443038,0.0,1.0,0.0,7.805277602523658,3,0.00946372239747634,1,0.0031545741324921135,2,0.006309148264984227,2,17,0.05362776025236593,0,0.0,0,0.0,0,0.927007299270073,1
dc5f068fbff2836a,5,22658b822da6f21ec09fd1ad6b5d75261f4531a860caa308f270460116b0eba2,2026-08-12T05:50:10+00:00,2026-08-12T05:50:40+00:00,0,normal,raw_v1_20260812_054207,normal,351,10,2,19.0,0.054285714285714284,0.0,1.0,0.0,7.855162393162394,4,0.011396011396011397,2,0.005698005698005698,2,0.005698005698005698,2,17,0.04843304843304843,0,0.0,0,0.0,0,0.9324324324324325,1
4f355f19ab2c7beb,2,29d88ae6a299305f8047c62b16bd2011036839d5b04eca30b87aa0e58f9e8813,2026-08-12T05:43:59+00:00,2026-08-12T05:44:29+00:00,0,normal,raw_v1_20260812_054207,normal,534,10,2,29.0,0.054409005628517824,0.0,1.0,0.0,7.903106741573033,4,0.00749063670411985,3,0.0056179775280898875,1,0.0018726591760299626,1,13,0.024344569288389514,0,0.0,0,0.0,0,0.9177489177489178,1
cce8ccdc3731c077,3,ea237752f73623591adc1111f6d71b8412fba4c49fadf45201a95ea6fec53e95,2026-08-12T05:45:31+00:00,2026-08-12T05:46:01+00:00,0,normal,raw_v1_20260812_054207,normal,535,10,2,29.0,0.054307116104868915,0.0,1.0,0.0,8.115308411214954,6,0.011214953271028037,4,0.007476635514018692,2,0.003738317757009346,2,19,0.03551401869158879,0,0.0,0,0.0,0,0.9185185185185185,1
bb82004bbf924bc3,2,29d88ae6a299305f8047c62b16bd2011036839d5b04eca30b87aa0e58f9e8813,2026-08-12T05:43:57+00:00,2026-08-12T05:44:27+00:00,0,normal,raw_v1_20260812_054207,normal,537,10,2,29.0,0.054104477611940295,0.0,1.0,0.0,7.880165735567969,4,0.0074487895716946,3,0.00558659217877095,1,0.00186219739292365,1,13,0.024208566108007448,0,0.0,0,0.0,0,0.905982905982906,1
912daf3184a5db0e,2,29d88ae6a299305f8047c62b16bd2011036839d5b04eca30b87aa0e58f9e8813,2026-08-12T05:42:37+00:00,2026-08-12T05:43:07+00:00,0,normal,raw_v1_20260812_054207,normal,347,8,2,29.0,0.0838150289017341,0.0,1.0,0.0,15.24141786743516,0,0.0,0,0.0,0,0.0,0,16,0.04610951008645533,0,0.0,0,0.0,0,0.8992805755395683,0
4bd92358ea6cbbcc,-1,anonymous,2026-08-12T05:50:15+00:00,2026-08-12T05:50:45+00:00,0,normal,unknown_run,normal,1,1,1,0.0,0.0,0.0,0.0,0.0,1.235,0,0.0,0,0.0,0,0.0,0,0,0.0,0,0.0,0,0.0,0,0.0,0
73c30fa9fcc73105,-1,anonymous,2026-08-12T05:50:25+00:00,2026-08-12T05:50:55+00:00,0,normal,unknown_run,normal,1,1,1,0.0,0.0,0.0,0.0,0.0,1.235,0,0.0,0,0.0,0,0.0,0,0,0.0,0,0.0,0,0.0,0,0.0,0
eac4e92f8b0512ca,5,22658b822da6f21ec09fd1ad6b5d75261f4531a860caa308f270460116b0eba2,2026-08-12T05:49:56+00:00,2026-08-12T05:50:26+00:00,0,normal,raw_v1_20260812_054207,normal,529,10,2,29.0,0.054924242424242424,0.0,1.0,0.0,8.086996219281664,7,0.013232514177693762,5,0.00945179584120983,2,0.003780718336483932,2,17,0.03213610586011342,0,0.0,0,0.0,0,0.9395348837209302,1
882cbdea1387cc25,6,b478ac99dd0ce00200d46f877a548aeb082634ac1fde71d074629386713108a4,2026-08-12T05:52:21+00:00,2026-08-12T05:52:51+00:00,0,normal,raw_v1_20260812_054207,normal,170,9,2,10.0,0.05917159763313609,0.0,1.0,0.0,11.577317647058823,3,0.01764705882352941,3,0.01764705882352941,0,0.0,0,12,0.07058823529411765,0,0.0,0,0.0,0,0.8292682926829268,1
571021e803f82942,-1,anonymous,2026-08-12T05:50:09+00:00,2026-08-12T05:50:39+00:00,0,normal,unknown_run,normal,1,1,1,0.0,0.0,0.0,0.0,0.0,1.235,0,0.0,0,0.0,0,0.0,0,0,0.0,0,0.0,0,0.0,0,0.0,0
9029a87837dad4eb,5,22658b822da6f21ec09fd1ad6b5d75261f4531a860caa308f270460116b0eba2,2026-08-12T05:49:50+00:00,2026-08-12T05:50:20+00:00,0,normal,raw_v1_20260812_054207,normal,524,10,2,29.0,0.055449330783938815,0.0,1.0,0.0,8.070345419847328,5,0.009541984732824428,4,0.007633587786259542,1,0.0019083969465648854,1,17,0.03244274809160305,0,0.0,0,0.0,0,0.9504950495049505,1
aa938200a1d924bb,5,22658b822da6f21ec09fd1ad6b5d75261f4531a860caa308f270460116b0eba2,2026-08-12T05:48:36+00:00,2026-08-12T05:49:06+00:00,0,normal,raw_v1_20260812_054207,normal,527,10,2,29.0,0.055133079847908745,0.0,1.0,0.0,7.283371916508539,4,0.007590132827324478,3,0.0056925996204933585,1,0.0018975332068311196,1,19,0.036053130929791274,0,0.0,0,0.0,0,0.9263157894736842,1
dead92839a3bc125,3,ea237752f73623591adc1111f6d71b8412fba4c49fadf45201a95ea6fec53e95,2026-08-12T05:46:15+00:00,2026-08-12T05:46:45+00:00,0,normal,raw_v1_20260812_054207,normal,370,9,2,20.0,0.05420054200542006,0.0,1.0,0.0,8.480545945945945,6,0.016216216216216217,6,0.016216216216216217,0,0.0,0,17,0.04594594594594595,0,0.0,0,0.0,0,0.9032258064516129,1
5ec72245136d7e92,-1,anonymous,2026-08-12T05:48:17+00:00,2026-08-12T05:48:47+00:00,0,normal,unknown_run,normal,1,1,1,0.0,0.0,0.0,0.0,0.0,0.908,0,0.0,0,0.0,0,0.0,0,0,0.0,0,0.0,0,0.0,0,0.0,0
40573b6c10cef2fc,3,ea237752f73623591adc1111f6d71b8412fba4c49fadf45201a95ea6fec53e95,2026-08-12T05:45:05+00:00,2026-08-12T05:45:35+00:00,0,normal,raw_v1_20260812_054207,normal,549,9,2,29.0,0.05291970802919708,0.0,1.0,0.0,7.304672131147542,5,0.009107468123861567,5,0.009107468123861567,0,0.0,0,19,0.03460837887067395,0,0.0,0,0.0,0,0.9107806691449815,1
d87c3909902feffd,2,29d88ae6a299305f8047c62b16bd2011036839d5b04eca30b87aa0e58f9e8813,2026-08-12T05:43:39+00:00,2026-08-12T05:44:09+00:00,0,normal,raw_v1_20260812_054207,normal,536,10,2,29.0,0.05420560747663551,0.0,1.0,0.0,7.689990671641791,4,0.007462686567164179,3,0.005597014925373134,1,0.0018656716417910447,1,14,0.026119402985074626,0,0.0,0,0.0,0,0.9201680672268907,1
a3fe01e1e0e41610,-1,anonymous,2026-08-12T05:46:29+00:00,2026-08-12T05:46:59+00:00,0,normal,unknown_run,normal,1,1,1,0.0,0.0,0.0,0.0,0.0,1.507,0,0.0,0,0.0,0,0.0,0,0,0.0,0,0.0,0,0.0,0,0.0,0
1ea5ba62c27fec22,3,ea237752f73623591adc1111f6d71b8412fba4c49fadf45201a95ea6fec53e95,2026-08-12T05:44:49+00:00,2026-08-12T05:45:19+00:00,0,normal,raw_v1_20260812_054207,normal,540,9,2,29.0,0.05380333951762523,0.0,1.0,0.0,7.096446296296296,6,0.011111111111111112,6,0.011111111111111112,0,0.0,0,19,0.03518518518518519,0,0.0,0,0.0,0,0.9206896551724137,1
f90b8aa0b3228db1,2,29d88ae6a299305f8047c62b16bd2011036839d5b04eca30b87aa0e58f9e8813,2026-08-12T05:42:43+00:00,2026-08-12T05:43:13+00:00,0,normal,raw_v1_20260812_054207,normal,343,8,2,29.0,0.0847953216374269,0.0,1.0,0.0,15.458338192419825,0,0.0,0,0.0,0,0.0,0,16,0.04664723032069971,0,0.0,0,0.0,0,0.8837209302325582,0
8a1164f0e8237a49,2,29d88ae6a299305f8047c62b16bd2011036839d5b04eca30b87aa0e58f9e8813,2026-08-12T05:44:31+00:00,2026-08-12T05:45:01+00:00,0,normal,raw_v1_20260812_054207,normal,36,4,1,2.0,0.05714285714285714,0.0,1.0,0.0,8.242472222222224,0,0.0,0,0.0,0,0.0,0,10,0.2777777777777778,0,0.0,0,0.0,0,0.7857142857142857,0
8641c33ad7600563,4,9b2e94d44d1ef8520af2d3e8fe05a1e9191da31c96716f08b60e18a5f9b23c51,2026-08-12T05:48:23+00:00,2026-08-12T05:48:53+00:00,0,normal,raw_v1_20260812_054207,normal,140,9,2,7.0,0.050359712230215826,0.0,1.0,0.0,6.795635714285713,1,0.007142857142857143,1,0.007142857142857143,0,0.0,0,16,0.11428571428571428,0,0.0,0,0.0,0,0.9259259259259259,1
82988d072d2c0bb3,3,ea237752f73623591adc1111f6d71b8412fba4c49fadf45201a95ea6fec53e95,2026-08-12T05:44:59+00:00,2026-08-12T05:45:29+00:00,0,normal,raw_v1_20260812_054207,normal,537,9,2,29.0,0.054104477611940295,0.0,1.0,0.0,7.253417132216015,6,0.0111731843575419,6,0.0111731843575419,0,0.0,0,19,0.035381750465549346,0,0.0,0,0.0,0,0.920863309352518,1
3ffa7bf68ac68382,3,ea237752f73623591adc1111f6d71b8412fba4c49fadf45201a95ea6fec53e95,2026-08-12T05:44:51+00:00,2026-08-12T05:45:21+00:00,0,normal,raw_v1_20260812_054207,normal,536,9,2,29.0,0.05420560747663551,0.0,1.0,0.0,7.130000000000001,6,0.011194029850746268,6,0.011194029850746268,0,0.0,0,19,0.03544776119402985,0,0.0,0,0.0,0,0.9295774647887324,1
fcbb3534fabc1a18,6,b478ac99dd0ce00200d46f877a548aeb082634ac1fde71d074629386713108a4,2026-08-12T05:51:09+00:00,2026-08-12T05:51:39+00:00,0,normal,raw_v1_20260812_054207,normal,554,10,2,29.0,0.05244122965641953,0.0,1.0,0.0,8.489523465703972,7,0.01263537906137184,5,0.009025270758122744,2,0.0036101083032490976,2,16,0.02888086642599278,0,0.0,0,0.0,0,0.9184397163120568,1
64e85bd8f02ce6aa,5,22658b822da6f21ec09fd1ad6b5d75261f4531a860caa308f270460116b0eba2,2026-08-12T05:49:32+00:00,2026-08-12T05:50:02+00:00,0,normal,raw_v1_20260812_054207,normal,523,9,2,29.0,0.05555555555555555,0.0,1.0,0.0,7.838724665391968,3,0.0057361376673040155,3,0.0057361376673040155,0,0.0,0,17,0.032504780114722756,0,0.0,0,0.0,0,0.9234449760765551,1
dbf48d1779eeb862,4,9b2e94d44d1ef8520af2d3e8fe05a1e9191da31c96716f08b60e18a5f9b23c51,2026-08-12T05:46:51+00:00,2026-08-12T05:47:21+00:00,0,normal,raw_v1_20260812_054207,normal,535,10,2,29.0,0.054307116104868915,0.0,1.0,0.0,6.388859813084112,5,0.009345794392523364,3,0.005607476635514018,2,0.003738317757009346,2,19,0.03551401869158879,0,0.0,0,0.0,0,0.9037267080745341,1
591e6f45daa033bd,3,ea237752f73623591adc1111f6d71b8412fba4c49fadf45201a95ea6fec53e95,2026-08-12T05:45:33+00:00,2026-08-12T05:46:03+00:00,0,normal,raw_v1_20260812_054207,normal,537,10,2,29.0,0.054104477611940295,0.0,1.0,0.0,8.119945996275606,6,0.0111731843575419,4,0.0074487895716946,2,0.0037243947858473,2,19,0.035381750465549346,0,0.0,0,0.0,0,0.9166666666666666,1
7e3ac7b84bf3f688,2,29d88ae6a299305f8047c62b16bd2011036839d5b04eca30b87aa0e58f9e8813,2026-08-12T05:43:07+00:00,2026-08-12T05:43:37+00:00,0,normal,raw_v1_20260812_054207,normal,470,10,2,29.0,0.06183368869936034,0.0,1.0,0.0,10.65044893617021,3,0.006382978723404255,1,0.002127659574468085,2,0.00425531914893617,2,16,0.03404255319148936,0,0.0,0,0.0,0,0.8787878787878788,1
a80a6fc3af11dbef,6,b478ac99dd0ce00200d46f877a548aeb082634ac1fde71d074629386713108a4,2026-08-12T05:52:05+00:00,2026-08-12T05:52:35+00:00,0,normal,raw_v1_20260812_054207,normal,441,9,2,26.0,0.05909090909090909,0.0,1.0,0.0,11.609333333333332,7,0.015873015873015872,7,0.015873015873015872,0,0.0,0,12,0.027210884353741496,0,0.0,0,0.0,0,0.9069767441860465,2
1ed3c5674f23df9e,5,22658b822da6f21ec09fd1ad6b5d75261f4531a860caa308f270460116b0eba2,2026-08-12T05:49:52+00:00,2026-08-12T05:50:22+00:00,0,normal,raw_v1_20260812_054207,normal,525,10,2,29.0,0.05534351145038168,0.0,1.0,0.0,8.062626666666668,5,0.009523809523809525,4,0.007619047619047619,1,0.0019047619047619048,1,17,0.03238095238095238,0,0.0,0,0.0,0,0.9476190476190476,1
d2d490e664bb47bd,2,29d88ae6a299305f8047c62b16bd2011036839d5b04eca30b87aa0e58f9e8813,2026-08-12T05:44:09+00:00,2026-08-12T05:44:39+00:00,0,normal,raw_v1_20260812_054207,normal,424,10,2,24.0,0.05673758865248227,0.0,1.0,0.0,7.8333820754716985,3,0.007075471698113208,2,0.0047169811320754715,1,0.0023584905660377358,1,13,0.030660377358490566,0,0.0,0,0.0,0,0.8956043956043956,1
61781b698e49637d,-1,anonymous,2026-08-12T05:48:27+00:00,2026-08-12T05:48:57+00:00,0,normal,unknown_run,normal,1,1,1,0.0,0.0,0.0,0.0,0.0,0.908,0,0.0,0,0.0,0,0.0,0,0,0.0,0,0.0,0,0.0,0,0.0,0
1a91bfbdeb4670a5,6,b478ac99dd0ce00200d46f877a548aeb082634ac1fde71d074629386713108a4,2026-08-12T05:51:55+00:00,2026-08-12T05:52:25+00:00,0,normal,raw_v1_20260812_054207,normal,512,9,2,29.0,0.05675146771037182,0.0,1.0,0.0,11.074871093750001,5,0.009765625,5,0.009765625,0,0.0,0,12,0.0234375,0,0.0,0,0.0,0,0.9118773946360154,2
4440c27530692437,2,29d88ae6a299305f8047c62b16bd2011036839d5b04eca30b87aa0e58f9e8813,2026-08-12T05:42:41+00:00,2026-08-12T05:43:11+00:00,0,normal,raw_v1_20260812_054207,normal,346,8,2,29.0,0.08405797101449275,0.0,1.0,0.0,15.353893063583815,0,0.0,0,0.0,0,0.0,0,16,0.046242774566473986,0,0.0,0,0.0,0,0.9022556390977443,0
fed7e5743cc4316a,6,b478ac99dd0ce00200d46f877a548aeb082634ac1fde71d074629386713108a4,2026-08-12T05:51:39+00:00,2026-08-12T05:52:09+00:00,0,normal,raw_v1_20260812_054207,normal,516,9,2,29.0,0.05631067961165048,0.0,1.0,0.0,10.316831395348839,2,0.003875968992248062,0,0.0,2,0.003875968992248062,2,14,0.027131782945736434,0,0.0,0,0.0,0,0.9087591240875912,1
a00b7a158f664bbd,-1,anonymous,2026-08-12T05:52:41+00:00,2026-08-12T05:53:11+00:00,0,normal,unknown_run,normal,4,1,1,8.0,2.6666666666666665,2.0,0.0,0.0,1.185,0,0.0,0,0.0,0,0.0,0,0,0.0,0,0.0,0,0.0,0,0.0,0
bfc52433889d0f5c,2,29d88ae6a299305f8047c62b16bd2011036839d5b04eca30b87aa0e58f9e8813,2026-08-12T05:43:27+00:00,2026-08-12T05:43:57+00:00,0,normal,raw_v1_20260812_054207,normal,541,10,2,29.0,0.053703703703703705,0.0,1.0,0.0,7.720382624768946,2,0.0036968576709796672,1,0.0018484288354898336,1,0.0018484288354898336,1,14,0.025878003696857672,0,0.0,0,0.0,0,0.9017857142857143,1
eaa7aefe08cbf22b,5,22658b822da6f21ec09fd1ad6b5d75261f4531a860caa308f270460116b0eba2,2026-08-12T05:50:26+00:00,2026-08-12T05:50:56+00:00,0,normal,raw_v1_20260812_054207,normal,64,6,2,3.0,0.047619047619047616,0.0,1.0,0.0,7.9636562500000005,0,0.0,0,0.0,0,0.0,0,12,0.1875,0,0.0,0,0.0,0,0.96,0
3e5dd9a3e9f830fb,3,ea237752f73623591adc1111f6d71b8412fba4c49fadf45201a95ea6fec53e95,2026-08-12T05:45:03+00:00,2026-08-12T05:45:33+00:00,0,normal,raw_v1_20260812_054207,normal,546,9,2,29.0,0.05321100917431193,0.0,1.0,0.0,7.31098717948718,6,0.01098901098901099,6,0.01098901098901099,0,0.0,0,19,0.0347985347985348,0,0.0,0,0.0,0,0.9148148148148149,1
f746c1f01de9ffb3,-1,anonymous,2026-08-12T05:52:07+00:00,2026-08-12T05:52:37+00:00,0,normal,unknown_run,normal,2,1,1,3.0,3.0,3.0,0.0,0.0,1.7225000000000001,0,0.0,0,0.0,0,0.0,0,0,0.0,0,0.0,0,0.0,0,0.0,0
982f78e16d99a2ae,-1,anonymous,2026-08-12T05:46:17+00:00,2026-08-12T05:46:47+00:00,0,normal,unknown_run,normal,1,1,1,0.0,0.0,0.0,0.0,0.0,1.507,0,0.0,0,0.0,0,0.0,0,0,0.0,0,0.0,0,0.0,0,0.0,0
8899de7406d71089,2,29d88ae6a299305f8047c62b16bd2011036839d5b04eca30b87aa0e58f9e8813,2026-08-12T05:42:23+00:00,2026-08-12T05:42:53+00:00,0,normal,raw_v1_20260812_054207,normal,358,9,2,29.0,0.08123249299719888,0.0,1.0,0.0,15.27099441340782,1,0.002793296089385475,1,0.002793296089385475,0,0.0,0,16,0.0446927374301676,0,0.0,0,0.0,0,0.9341317365269461,1
f2a056631cbd2c5f,-1,anonymous,2026-08-12T05:48:15+00:00,2026-08-12T05:48:45+00:00,0,normal,unknown_run,normal,1,1,1,0.0,0.0,0.0,0.0,0.0,0.908,0,0.0,0,0.0,0,0.0,0,0,0.0,0,0.0,0,0.0,0,0.0,0
aa3f63c39098d2bd,6,b478ac99dd0ce00200d46f877a548aeb082634ac1fde71d074629386713108a4,2026-08-12T05:50:51+00:00,2026-08-12T05:51:21+00:00,0,normal,raw_v1_20260812_054207,normal,569,10,2,29.0,0.051056338028169015,0.0,1.0,0.0,7.461026362038665,7,0.012302284710017574,3,0.005272407732864675,4,0.007029876977152899,4,18,0.03163444639718805,0,0.0,0,0.0,0,0.9158249158249159,1
f9ef374cc8718095,2,29d88ae6a299305f8047c62b16bd2011036839d5b04eca30b87aa0e58f9e8813,2026-08-12T05:42:27+00:00,2026-08-12T05:42:57+00:00,0,normal,raw_v1_20260812_054207,normal,353,9,2,29.0,0.08238636363636363,0.0,1.0,0.0,15.361898016997166,1,0.0028328611898017,1,0.0028328611898017,0,0.0,0,16,0.0453257790368272,0,0.0,0,0.0,0,0.930379746835443,1
9d4e91b17e12d48a,2,29d88ae6a299305f8047c62b16bd2011036839d5b04eca30b87aa0e58f9e8813,2026-08-12T05:42:45+00:00,2026-08-12T05:43:15+00:00,0,normal,raw_v1_20260812_054207,normal,341,6,2,29.0,0.08529411764705883,0.0,1.0,0.0,15.620750733137829,0,0.0,0,0.0,0,0.0,0,16,0.0469208211143695,0,0.0,0,0.0,0,0.8861788617886179,0
e9ec0d1053716316,-1,anonymous,2026-08-12T05:48:29+00:00,2026-08-12T05:48:59+00:00,0,normal,unknown_run,normal,1,1,1,0.0,0.0,0.0,0.0,0.0,0.908,0,0.0,0,0.0,0,0.0,0,0,0.0,0,0.0,0,0.0,0,0.0,0
cbb8b2103b9bc381,5,22658b822da6f21ec09fd1ad6b5d75261f4531a860caa308f270460116b0eba2,2026-08-12T05:49:08+00:00,2026-08-12T05:49:38+00:00,0,normal,raw_v1_20260812_054207,normal,534,10,2,29.0,0.054409005628517824,0.0,1.0,0.0,7.323928838951311,6,0.011235955056179775,5,0.009363295880149813,1,0.0018726591760299626,1,18,0.033707865168539325,0,0.0,0,0.0,0,0.9213973799126638,1
8bffd46e9ecc252b,6,b478ac99dd0ce00200d46f877a548aeb082634ac1fde71d074629386713108a4,2026-08-12T05:50:35+00:00,2026-08-12T05:51:05+00:00,0,normal,raw_v1_20260812_054207,normal,547,10,2,29.0,0.05311355311355311,0.0,1.0,0.0,7.202837294332724,4,0.007312614259597806,2,0.003656307129798903,2,0.003656307129798903,2,18,0.03290676416819013,0,0.0,0,0.0,0,0.9310344827586207,1
b4be05b20fbd3084,6,b478ac99dd0ce00200d46f877a548aeb082634ac1fde71d074629386713108a4,2026-08-12T05:52:11+00:00,2026-08-12T05:52:41+00:00,0,normal,raw_v1_20260812_054207,normal,340,9,2,20.0,0.058997050147492625,0.0,1.0,0.0,11.90729411764706,7,0.020588235294117647,7,0.020588235294117647,0,0.0,0,12,0.03529411764705882,0,0.0,0,0.0,0,0.8953488372093024,2
fc6681afb0889c2f,-1,anonymous,2026-08-12T05:46:21+00:00,2026-08-12T05:46:51+00:00,0,normal,unknown_run,normal,1,1,1,0.0,0.0,0.0,0.0,0.0,1.507,0,0.0,0,0.0,0,0.0,0,0,0.0,0,0.0,0,0.0,0,0.0,0
ccc49e021e2d2652,-1,anonymous,2026-08-12T05:50:21+00:00,2026-08-12T05:50:51+00:00,0,normal,unknown_run,normal,1,1,1,0.0,0.0,0.0,0.0,0.0,1.235,0,0.0,0,0.0,0,0.0,0,0,0.0,0,0.0,0,0.0,0,0.0,0
0ad2d4408f8b5086,1,50aad02d8baf4da68ec29e8f1f10278198bbc5d968d13ced75986679b339a490,2026-08-12T05:45:33+00:00,2026-08-12T05:46:03+00:00,0,normal,unknown_run,normal,2,2,1,0.0,0.0,0.0,1.0,0.0,10.139,1,0.5,0,0.0,0,0.0,0,0,0.0,0,0.0,0,0.0,0,0.0,1
cb71dda2d47553cc,5,22658b822da6f21ec09fd1ad6b5d75261f4531a860caa308f270460116b0eba2,2026-08-12T05:50:06+00:00,2026-08-12T05:50:36+00:00,0,normal,raw_v1_20260812_054207,normal,422,10,2,23.0,0.05463182897862233,0.0,1.0,0.0,8.124305687203792,5,0.011848341232227487,3,0.0071090047393364926,2,0.004739336492890996,2,17,0.04028436018957346,0,0.0,0,0.0,0,0.9371428571428572,1
61af94132c6c355d,-1,anonymous,2026-08-12T05:44:09+00:00,2026-08-12T05:44:39+00:00,0,normal,unknown_run,normal,1,1,1,0.0,0.0,0.0,0.0,0.0,1.079,0,0.0,0,0.0,0,0.0,0,0,0.0,0,0.0,0,0.0,0,0.0,0
ca1aaf57124a3243,4,9b2e94d44d1ef8520af2d3e8fe05a1e9191da31c96716f08b60e18a5f9b23c51,2026-08-12T05:46:35+00:00,2026-08-12T05:47:05+00:00,0,normal,unknown_run,normal,514,12,2,29.0,0.056530214424951264,0.0,1.0,0.0,6.295402723735409,3,0.005836575875486381,1,0.0019455252918287938,2,0.0038910505836575876,2,19,0.03696498054474708,0,0.0,0,0.0,0,0.9230769230769231,1
65d565f97341cb09,5,22658b822da6f21ec09fd1ad6b5d75261f4531a860caa308f270460116b0eba2,2026-08-12T05:48:42+00:00,2026-08-12T05:49:12+00:00,0,normal,raw_v1_20260812_054207,normal,526,10,2,29.0,0.05523809523809524,0.0,1.0,0.0,7.35256463878327,3,0.005703422053231939,2,0.0038022813688212928,1,0.0019011406844106464,1,19,0.03612167300380228,0,0.0,0,0.0,0,0.9138755980861244,1
902e57eea693b248,2,29d88ae6a299305f8047c62b16bd2011036839d5b04eca30b87aa0e58f9e8813,2026-08-12T05:43:09+00:00,2026-08-12T05:43:39+00:00,0,normal,raw_v1_20260812_054207,normal,482,10,2,29.0,0.060291060291060294,0.0,1.0,0.0,10.428298755186722,3,0.006224066390041493,1,0.002074688796680498,2,0.004149377593360996,2,16,0.03319502074688797,0,0.0,0,0.0,0,0.88,1
5938074e07e01f99,5,22658b822da6f21ec09fd1ad6b5d75261f4531a860caa308f270460116b0eba2,2026-08-12T05:48:34+00:00,2026-08-12T05:49:04+00:00,0,normal,raw_v1_20260812_054207,normal,526,9,2,29.0,0.05523809523809524,0.0,1.0,0.0,7.175180608365019,2,0.0038022813688212928,2,0.0038022813688212928,0,0.0,0,19,0.03612167300380228,0,0.0,0,0.0,0,0.9226804123711341,1
a276a5c7ce116fcc,6,b478ac99dd0ce00200d46f877a548aeb082634ac1fde71d074629386713108a4,2026-08-12T05:51:01+00:00,2026-08-12T05:51:31+00:00,0,normal,raw_v1_20260812_054207,normal,569,10,2,29.0,0.051056338028169015,0.0,1.0,0.0,7.944367311072055,8,0.014059753954305799,5,0.008787346221441126,3,0.005272407732864675,3,17,0.029876977152899824,0,0.0,0,0.0,0,0.8993055555555556,1
43aaca0bb9e404be,4,9b2e94d44d1ef8520af2d3e8fe05a1e9191da31c96716f08b60e18a5f9b23c51,2026-08-12T05:48:21+00:00,2026-08-12T05:48:51+00:00,0,normal,raw_v1_20260812_054207,normal,176,9,2,9.0,0.05142857142857143,0.0,1.0,0.0,6.666369318181818,1,0.005681818181818182,1,0.005681818181818182,0,0.0,0,16,0.09090909090909091,0,0.0,0,0.0,0,0.9326923076923077,1
0ffae24e8b6ce181,-1,anonymous,2026-08-12T05:52:47+00:00,2026-08-12T05:53:17+00:00,0,normal,unknown_run,normal,2,1,1,3.0,3.0,3.0,0.0,0.0,1.2905,0,0.0,0,0.0,0,0.0,0,0,0.0,0,0.0,0,0.0,0,0.0,0
bba0f83be94293df,2,29d88ae6a299305f8047c62b16bd2011036839d5b04eca30b87aa0e58f9e8813,2026-08-12T05:44:29+00:00,2026-08-12T05:44:59+00:00,0,normal,raw_v1_20260812_054207,normal,70,7,2,4.0,0.057971014492753624,0.0,1.0,0.0,8.429042857142855,1,0.014285714285714285,1,0.014285714285714285,0,0.0,0,12,0.17142857142857143,0,0.0,0,0.0,0,0.8333333333333334,1
ec7dac14be4e1b8d,5,22658b822da6f21ec09fd1ad6b5d75261f4531a860caa308f270460116b0eba2,2026-08-12T05:49:16+00:00,2026-08-12T05:49:46+00:00,0,normal,raw_v1_20260812_054207,normal,531,10,2,29.0,0.05471698113207547,0.0,1.0,0.0,7.527815442561206,3,0.005649717514124294,2,0.003766478342749529,1,0.0018832391713747645,1,18,0.03389830508474576,0,0.0,0,0.0,0,0.9196428571428571,1
ba53080baa0a1180,5,22658b822da6f21ec09fd1ad6b5d75261f4531a860caa308f270460116b0eba2,2026-08-12T05:49:36+00:00,2026-08-12T05:50:06+00:00,0,normal,raw_v1_20260812_054207,normal,523,9,2,29.0,0.05555555555555555,0.0,1.0,0.0,7.92838240917782,4,0.0076481835564053535,4,0.0076481835564053535,0,0.0,0,17,0.032504780114722756,0,0.0,0,0.0,0,0.9178743961352657,1
5d925ac831a84486,6,b478ac99dd0ce00200d46f877a548aeb082634ac1fde71d074629386713108a4,2026-08-12T05:51:23+00:00,2026-08-12T05:51:53+00:00,0,normal,raw_v1_20260812_054207,normal,528,10,2,29.0,0.05502846299810247,0.0,1.0,0.0,9.926558712121212,7,0.013257575757575758,5,0.00946969696969697,2,0.003787878787878788,2,14,0.026515151515151516,0,0.0,0,0.0,0,0.9124087591240876,1
5ad1c3e3ec2b9352,-1,anonymous,2026-08-12T05:44:05+00:00,2026-08-12T05:44:35+00:00,0,normal,unknown_run,normal,1,1,1,0.0,0.0,0.0,0.0,0.0,1.079,0,0.0,0,0.0,0,0.0,0,0,0.0,0,0.0,0,0.0,0,0.0,0
8d473b4d4037fa01,4,9b2e94d44d1ef8520af2d3e8fe05a1e9191da31c96716f08b60e18a5f9b23c51,2026-08-12T05:47:05+00:00,2026-08-12T05:47:35+00:00,0,normal,raw_v1_20260812_054207,normal,548,10,2,29.0,0.05301645338208409,0.0,1.0,0.0,6.613567518248176,4,0.0072992700729927005,3,0.005474452554744526,1,0.0018248175182481751,1,17,0.03102189781021898,0,0.0,0,0.0,0,0.9367816091954023,1
86a7384ce4bfb73a,-1,anonymous,2026-08-12T05:46:31+00:00,2026-08-12T05:47:01+00:00,0,normal,unknown_run,normal,1,1,1,0.0,0.0,0.0,0.0,0.0,1.507,0,0.0,0,0.0,0,0.0,0,0,0.0,0,0.0,0,0.0,0,0.0,0
fb2105fda80f79fa,3,ea237752f73623591adc1111f6d71b8412fba4c49fadf45201a95ea6fec53e95,2026-08-12T05:46:13+00:00,2026-08-12T05:46:43+00:00,0,normal,raw_v1_20260812_054207,normal,403,9,2,22.0,0.05472636815920398,0.0,1.0,0.0,8.410419354838709,6,0.01488833746898263,6,0.01488833746898263,0,0.0,0,17,0.04218362282878412,0,0.0,0,0.0,0,0.9014778325123153,1
9e239a4e986afa23,-1,anonymous,2026-08-12T05:46:23+00:00,2026-08-12T05:46:53+00:00,0,normal,unknown_run,normal,1,1,1,0.0,0.0,0.0,0.0,0.0,1.507,0,0.0,0,0.0,0,0.0,0,0,0.0,0,0.0,0,0.0,0,0.0,0
4e3bd9b3a0e4ab86,-1,anonymous,2026-08-12T05:44:17+00:00,2026-08-12T05:44:47+00:00,0,normal,unknown_run,normal,1,1,1,0.0,0.0,0.0,0.0,0.0,1.079,0,0.0,0,0.0,0,0.0,0,0,0.0,0,0.0,0,0.0,0,0.0,0
fbf07dfa2a8d1abc,6,b478ac99dd0ce00200d46f877a548aeb082634ac1fde71d074629386713108a4,2026-08-12T05:51:15+00:00,2026-08-12T05:51:45+00:00,0,normal,raw_v1_20260812_054207,normal,540,10,2,29.0,0.05380333951762523,0.0,1.0,0.0,8.962225925925924,6,0.011111111111111112,5,0.009259259259259259,1,0.001851851851851852,1,14,0.025925925925925925,0,0.0,0,0.0,0,0.921146953405018,1
8852df3ba57beada,5,22658b822da6f21ec09fd1ad6b5d75261f4531a860caa308f270460116b0eba2,2026-08-12T05:50:08+00:00,2026-08-12T05:50:38+00:00,0,normal,raw_v1_20260812_054207,normal,387,10,2,21.0,0.054404145077720206,0.0,1.0,0.0,8.15445219638243,5,0.012919896640826873,3,0.007751937984496124,2,0.00516795865633075,2,17,0.04392764857881137,0,0.0,0,0.0,0,0.9299363057324841,1
f38f8e1e03716e9f,3,ea237752f73623591adc1111f6d71b8412fba4c49fadf45201a95ea6fec53e95,2026-08-12T05:46:11+00:00,2026-08-12T05:46:41+00:00,0,normal,raw_v1_20260812_054207,normal,438,9,2,24.0,0.05491990846681922,0.0,1.0,0.0,8.647876712328767,8,0.0182648401826484,8,0.0182648401826484,0,0.0,0,17,0.03881278538812785,0,0.0,0,0.0,0,0.8981481481481481,1
170eb0ffae40de4d,3,ea237752f73623591adc1111f6d71b8412fba4c49fadf45201a95ea6fec53e95,2026-08-12T05:46:35+00:00,2026-08-12T05:47:05+00:00,0,normal,raw_v1_20260812_054207,normal,14,5,1,0.0,0.0,0.0,1.0,0.0,7.920928571428573,0,0.0,0,0.0,0,0.0,0,6,0.42857142857142855,0,0.0,0,0.0,0,0.7142857142857143,0
888ec30361f94ec2,3,ea237752f73623591adc1111f6d71b8412fba4c49fadf45201a95ea6fec53e95,2026-08-12T05:44:55+00:00,2026-08-12T05:45:25+00:00,0,normal,raw_v1_20260812_054207,normal,537,9,2,29.0,0.054104477611940295,0.0,1.0,0.0,7.0949310986964615,5,0.00931098696461825,5,0.00931098696461825,0,0.0,0,19,0.035381750465549346,0,0.0,0,0.0,0,0.9236111111111112,1
cacf92cb300464a1,5,22658b822da6f21ec09fd1ad6b5d75261f4531a860caa308f270460116b0eba2,2026-08-12T05:49:22+00:00,2026-08-12T05:49:52+00:00,0,normal,raw_v1_20260812_054207,normal,533,10,2,29.0,0.05451127819548872,0.0,1.0,0.0,7.635106941838648,4,0.0075046904315197,3,0.005628517823639775,1,0.001876172607879925,1,18,0.03377110694183865,0,0.0,0,0.0,0,0.9065420560747663,1
df77ac2c97c7bf1c,6,b478ac99dd0ce00200d46f877a548aeb082634ac1fde71d074629386713108a4,2026-08-12T05:51:17+00:00,2026-08-12T05:51:47+00:00,0,normal,raw_v1_20260812_054207,normal,539,10,2,29.0,0.05390334572490706,0.0,1.0,0.0,9.037447124304267,6,0.011131725417439703,5,0.00927643784786642,1,0.0018552875695732839,1,14,0.025974025974025976,0,0.0,0,0.0,0,0.9157894736842105,1
995f4ab42cfaf904,2,29d88ae6a299305f8047c62b16bd2011036839d5b04eca30b87aa0e58f9e8813,2026-08-12T05:42:31+00:00,2026-08-12T05:43:01+00:00,0,normal,raw_v1_20260812_054207,normal,348,9,2,29.0,0.08357348703170028,0.0,1.0,0.0,15.533775862068966,1,0.0028735632183908046,1,0.0028735632183908046,0,0.0,0,16,0.04597701149425287,0,0.0,0,0.0,0,0.9319727891156463,1
9daf17d3b2529b1c,-1,anonymous,2026-08-12T05:52:45+00:00,2026-08-12T05:53:15+00:00,0,normal,unknown_run,normal,3,1,1,6.0,3.0,3.0,0.0,0.0,1.1483333333333334,0,0.0,0,0.0,0,0.0,0,0,0.0,0,0.0,0,0.0,0,0.0,0
71ef5dfeabdef3d5,1,50aad02d8baf4da68ec29e8f1f10278198bbc5d968d13ced75986679b339a490,2026-08-12T05:45:11+00:00,2026-08-12T05:45:41+00:00,0,normal,unknown_run,normal,2,2,1,0.0,0.0,0.0,1.0,0.0,10.139,1,0.5,0,0.0,0,0.0,0,0,0.0,0,0.0,0,0.0,0,0.0,1
cc6e954ab6d7d151,-1,anonymous,2026-08-12T05:52:39+00:00,2026-08-12T05:53:09+00:00,0,normal,unknown_run,normal,5,1,1,13.0,3.25,2.0,0.0,0.0,1.2706,0,0.0,0,0.0,0,0.0,0,0,0.0,0,0.0,0,0.0,0,0.0,0
b0b7ce964bd8e77c,5,22658b822da6f21ec09fd1ad6b5d75261f4531a860caa308f270460116b0eba2,2026-08-12T05:49:44+00:00,2026-08-12T05:50:14+00:00,0,normal,raw_v1_20260812_054207,normal,525,10,2,29.0,0.05534351145038168,0.0,1.0,0.0,8.095630476190477,7,0.013333333333333334,6,0.011428571428571429,1,0.0019047619047619048,1,17,0.03238095238095238,0,0.0,0,0.0,0,0.9479166666666666,1
6c65cf2125adbecb,4,9b2e94d44d1ef8520af2d3e8fe05a1e9191da31c96716f08b60e18a5f9b23c51,2026-08-12T05:48:27+00:00,2026-08-12T05:48:57+00:00,0,normal,raw_v1_20260812_054207,normal,70,7,2,3.0,0.043478260869565216,0.0,1.0,0.0,7.0511285714285705,0,0.0,0,0.0,0,0.0,0,14,0.2,0,0.0,0,0.0,0,0.95,0
004c69c4c70fee45,5,22658b822da6f21ec09fd1ad6b5d75261f4531a860caa308f270460116b0eba2,2026-08-12T05:49:42+00:00,2026-08-12T05:50:12+00:00,0,normal,raw_v1_20260812_054207,normal,523,9,2,29.0,0.05555555555555555,0.0,1.0,0.0,8.045049713193116,6,0.011472275334608031,6,0.011472275334608031,0,0.0,0,17,0.032504780114722756,0,0.0,0,0.0,0,0.93,1
785bf57e7da382a5,2,29d88ae6a299305f8047c62b16bd2011036839d5b04eca30b87aa0e58f9e8813,2026-08-12T05:44:25+00:00,2026-08-12T05:44:55+00:00,0,normal,raw_v1_20260812_054207,normal,140,7,2,8.0,0.05755395683453238,0.0,1.0,0.0,7.96137857142857,1,0.007142857142857143,1,0.007142857142857143,0,0.0,0,12,0.08571428571428572,0,0.0,0,0.0,0,0.890625,1
b5dae367d897f50d,-1,anonymous,2026-08-12T05:48:19+00:00,2026-08-12T05:48:49+00:00,0,normal,unknown_run,normal,1,1,1,0.0,0.0,0.0,0.0,0.0,0.908,0,0.0,0,0.0,0,0.0,0,0,0.0,0,0.0,0,0.0,0,0.0,0
4f2764337f8ff3cd,3,ea237752f73623591adc1111f6d71b8412fba4c49fadf45201a95ea6fec53e95,2026-08-12T05:45:21+00:00,2026-08-12T05:45:51+00:00,0,normal,raw_v1_20260812_054207,normal,535,9,2,29.0,0.054307116104868915,0.0,1.0,0.0,7.846394392523364,2,0.003738317757009346,2,0.003738317757009346,0,0.0,0,19,0.03551401869158879,0,0.0,0,0.0,0,0.922509225092251,1
cb63cbfdff7458cb,4,9b2e94d44d1ef8520af2d3e8fe05a1e9191da31c96716f08b60e18a5f9b23c51,2026-08-12T05:47:39+00:00,2026-08-12T05:48:09+00:00,0,normal,raw_v1_20260812_054207,normal,552,9,2,29.0,0.05263157894736842,0.0,1.0,0.0,7.1088115942028995,2,0.0036231884057971015,2,0.0036231884057971015,0,0.0,0,16,0.028985507246376812,0,0.0,0,0.0,0,0.9178885630498533,1
58266164b4cf012a,3,ea237752f73623591adc1111f6d71b8412fba4c49fadf45201a95ea6fec53e95,2026-08-12T05:46:19+00:00,2026-08-12T05:46:49+00:00,0,normal,raw_v1_20260812_054207,normal,299,9,2,16.0,0.053691275167785234,0.0,1.0,0.0,8.530023411371237,5,0.016722408026755852,5,0.016722408026755852,0,0.0,0,17,0.056856187290969896,0,0.0,0,0.0,0,0.9115646258503401,1
088f6b5daf7694d1,6,b478ac99dd0ce00200d46f877a548aeb082634ac1fde71d074629386713108a4,2026-08-12T05:51:07+00:00,2026-08-12T05:51:37+00:00,0,normal,raw_v1_20260812_054207,normal,560,10,2,29.0,0.0518783542039356,0.0,1.0,0.0,8.36348392857143,7,0.0125,5,0.008928571428571428,2,0.0035714285714285713,2,16,0.02857142857142857,0,0.0,0,0.0,0,0.9087719298245615,1
ded54eaaeca6cc2c,5,22658b822da6f21ec09fd1ad6b5d75261f4531a860caa308f270460116b0eba2,2026-08-12T05:50:28+00:00,2026-08-12T05:50:58+00:00,0,normal,raw_v1_20260812_054207,normal,27,5,1,1.0,0.038461538461538464,0.0,1.0,0.0,8.155999999999999,0,0.0,0,0.0,0,0.0,0,9,0.3333333333333333,0,0.0,0,0.0,0,0.9090909090909091,0
8b49f268e0902a51,2,29d88ae6a299305f8047c62b16bd2011036839d5b04eca30b87aa0e58f9e8813,2026-08-12T05:43:31+00:00,2026-08-12T05:44:01+00:00,0,normal,raw_v1_20260812_054207,normal,541,10,2,29.0,0.053703703703703705,0.0,1.0,0.0,7.666768946395563,2,0.0036968576709796672,1,0.0018484288354898336,1,0.0018484288354898336,1,14,0.025878003696857672,0,0.0,0,0.0,0,0.9,1
12e71063a13973a2,5,22658b822da6f21ec09fd1ad6b5d75261f4531a860caa308f270460116b0eba2,2026-08-12T05:49:24+00:00,2026-08-12T05:49:54+00:00,0,normal,raw_v1_20260812_054207,normal,531,10,2,29.0,0.05471698113207547,0.0,1.0,0.0,7.702877589453861,4,0.007532956685499058,3,0.005649717514124294,1,0.0018832391713747645,1,18,0.03389830508474576,0,0.0,0,0.0,0,0.910377358490566,1
6e18c5312c64498d,-1,anonymous,2026-08-12T05:48:21+00:00,2026-08-12T05:48:51+00:00,0,normal,unknown_run,normal,1,1,1,0.0,0.0,0.0,0.0,0.0,0.908,0,0.0,0,0.0,0,0.0,0,0,0.0,0,0.0,0,0.0,0,0.0,0
c6ebb7f375e01595,6,b478ac99dd0ce00200d46f877a548aeb082634ac1fde71d074629386713108a4,2026-08-12T05:51:13+00:00,2026-08-12T05:51:43+00:00,0,normal,raw_v1_20260812_054207,normal,547,10,2,29.0,0.05311355311355311,0.0,1.0,0.0,8.832221206581352,6,0.010968921389396709,5,0.009140767824497258,1,0.0018281535648994515,1,15,0.027422303473491772,0,0.0,0,0.0,0,0.9205776173285198,1
6edcf6ab712709d1,5,22658b822da6f21ec09fd1ad6b5d75261f4531a860caa308f270460116b0eba2,2026-08-12T05:49:26+00:00,2026-08-12T05:49:56+00:00,0,normal,raw_v1_20260812_054207,normal,528,9,2,29.0,0.05502846299810247,0.0,1.0,0.0,7.720465909090909,3,0.005681818181818182,3,0.005681818181818182,0,0.0,0,17,0.032196969696969696,0,0.0,0,0.0,0,0.9090909090909091,1
8133f3910ac270a0,2,29d88ae6a299305f8047c62b16bd2011036839d5b04eca30b87aa0e58f9e8813,2026-08-12T05:43:05+00:00,2026-08-12T05:43:35+00:00,0,normal,raw_v1_20260812_054207,normal,458,10,2,29.0,0.06345733041575492,0.0,1.0,0.0,11.37018558951965,3,0.006550218340611353,1,0.002183406113537118,2,0.004366812227074236,2,16,0.034934497816593885,0,0.0,0,0.0,0,0.9,1
4b45af11a292ce0e,1,50aad02d8baf4da68ec29e8f1f10278198bbc5d968d13ced75986679b339a490,2026-08-12T05:48:01+00:00,2026-08-12T05:48:31+00:00,0,normal,unknown_run,normal,2,2,1,0.0,0.0,0.0,1.0,0.0,8.032,1,0.5,0,0.0,0,0.0,0,0,0.0,0,0.0,0,0.0,0,0.0,1
0b4fcea334f1d4cd,-1,anonymous,2026-08-12T05:48:09+00:00,2026-08-12T05:48:39+00:00,0,normal,unknown_run,normal,1,1,1,0.0,0.0,0.0,0.0,0.0,0.908,0,0.0,0,0.0,0,0.0,0,0,0.0,0,0.0,0,0.0,0,0.0,0
76cbf589630fdf0f,6,b478ac99dd0ce00200d46f877a548aeb082634ac1fde71d074629386713108a4,2026-08-12T05:50:41+00:00,2026-08-12T05:51:11+00:00,0,normal,raw_v1_20260812_054207,normal,563,10,2,29.0,0.051601423487544484,0.0,1.0,0.0,7.43292895204263,7,0.012433392539964476,4,0.007104795737122558,3,0.0053285968028419185,3,18,0.03197158081705151,0,0.0,0,0.0,0,0.9217687074829932,1
9cc4f55a180611fe,-1,anonymous,2026-08-12T05:52:13+00:00,2026-08-12T05:52:43+00:00,0,normal,unknown_run,normal,3,1,1,7.0,3.5,3.0,0.0,0.0,1.686,0,0.0,0,0.0,0,0.0,0,0,0.0,0,0.0,0,0.0,0,0.0,0
3bdc159f64ae37d9,-1,anonymous,2026-08-12T05:52:15+00:00,2026-08-12T05:52:45+00:00,0,normal,unknown_run,normal,4,1,1,12.0,4.0,3.0,0.0,0.0,1.58825,0,0.0,0,0.0,0,0.0,0,0,0.0,0,0.0,0,0.0,0,0.0,0
092abc8ada33a3b9,6,b478ac99dd0ce00200d46f877a548aeb082634ac1fde71d074629386713108a4,2026-08-12T05:51:05+00:00,2026-08-12T05:51:35+00:00,0,normal,raw_v1_20260812_054207,normal,568,10,2,29.0,0.05114638447971781,0.0,1.0,0.0,8.16130281690141,7,0.01232394366197183,5,0.008802816901408451,2,0.0035211267605633804,2,16,0.028169014084507043,0,0.0,0,0.0,0,0.9100346020761245,1
a4329fe644ddc809,4,9b2e94d44d1ef8520af2d3e8fe05a1e9191da31c96716f08b60e18a5f9b23c51,2026-08-12T05:46:57+00:00,2026-08-12T05:47:27+00:00,0,normal,raw_v1_20260812_054207,normal,539,10,2,29.0,0.05390334572490706,0.0,1.0,0.0,6.625636363636364,4,0.0074211502782931356,3,0.0055658627087198514,1,0.0018552875695732839,1,18,0.03339517625231911,0,0.0,0,0.0,0,0.9161490683229814,1
611beacf31255eae,4,9b2e94d44d1ef8520af2d3e8fe05a1e9191da31c96716f08b60e18a5f9b23c51,2026-08-12T05:46:59+00:00,2026-08-12T05:47:29+00:00,0,normal,raw_v1_20260812_054207,normal,540,10,2,29.0,0.05380333951762523,0.0,1.0,0.0,6.6819037037037035,4,0.007407407407407408,3,0.005555555555555556,1,0.001851851851851852,1,18,0.03333333333333333,0,0.0,0,0.0,0,0.926829268292683,1
a32a5f855033ac8e,-1,anonymous,2026-08-12T05:44:31+00:00,2026-08-12T05:45:01+00:00,0,normal,unknown_run,normal,1,1,1,0.0,0.0,0.0,0.0,0.0,1.079,0,0.0,0,0.0,0,0.0,0,0,0.0,0,0.0,0,0.0,0,0.0,0
